time,altitude,velocity,mach,mass,phase
0.1,0.000973549,0.019539,5.74183e-05,1499.39,BOOST
0.2,0.00392141,0.0394862,0.000116036,1498.78,BOOST
0.3,0.00888441,0.059842,0.000175855,1498.16,BOOST
0.4,0.0159034,0.0806066,0.000236875,1497.55,BOOST
0.5,0.0250194,0.101781,0.000299097,1496.94,BOOST
0.6,0.0362732,0.123364,0.000362524,1496.33,BOOST
0.7,0.0497058,0.145357,0.000427154,1495.72,BOOST
0.8,0.0653583,0.167761,0.000492991,1495.11,BOOST
0.9,0.0832717,0.190575,0.000560033,1494.49,BOOST
1,0.103487,0.2138,0.000628284,1493.88,BOOST
1.1,0.126045,0.237436,0.000697742,1493.27,BOOST
1.2,0.150988,0.261484,0.000768411,1492.66,BOOST
1.3,0.178356,0.285944,0.000840289,1492.05,BOOST
1.4,0.20819,0.310815,0.00091338,1491.43,BOOST
1.5,0.240533,0.3361,0.000987682,1490.82,BOOST
1.6,0.275424,0.361797,0.0010632,1490.21,BOOST
1.7,0.312906,0.387908,0.00113993,1489.6,BOOST
1.8,0.35302,0.414432,0.00121788,1488.99,BOOST
1.9,0.395806,0.44137,0.00129704,1488.38,BOOST
2,0.441307,0.468723,0.00137742,1487.76,BOOST
2.1,0.489565,0.49649,0.00145902,1487.15,BOOST
2.2,0.540619,0.524672,0.00154184,1486.54,BOOST
2.3,0.594513,0.553269,0.00162587,1485.93,BOOST
2.4,0.651287,0.582282,0.00171113,1485.32,BOOST
2.5,0.710983,0.611711,0.00179762,1484.7,BOOST
2.6,0.773643,0.641556,0.00188532,1484.09,BOOST
2.7,0.839308,0.671818,0.00197426,1483.48,BOOST
2.8,0.90802,0.702497,0.00206441,1482.87,BOOST
2.9,0.979822,0.733593,0.0021558,1482.26,BOOST
3,1.05475,0.765107,0.00224841,1481.65,BOOST
3.1,1.13286,0.797039,0.00234225,1481.03,BOOST
3.2,1.21417,0.829389,0.00243732,1480.42,BOOST
3.3,1.29875,0.862158,0.00253362,1479.81,BOOST
3.4,1.38662,0.895346,0.00263115,1479.2,BOOST
3.5,1.47783,0.928954,0.00272991,1478.59,BOOST
3.6,1.57243,0.962981,0.00282991,1477.97,BOOST
3.7,1.67044,0.997428,0.00293114,1477.36,BOOST
3.8,1.77192,1.0323,0.00303361,1476.75,BOOST
3.9,1.87692,1.06758,0.00313732,1476.14,BOOST
4,1.98546,1.10329,0.00324226,1475.53,BOOST
4.1,2.09759,1.13942,0.00334845,1474.91,BOOST
4.2,2.21335,1.17598,0.00345587,1474.3,BOOST
4.3,2.3328,1.21295,0.00356453,1473.69,BOOST
4.4,2.45596,1.25035,0.00367444,1473.08,BOOST
4.5,2.58288,1.28817,0.00378559,1472.47,BOOST
4.6,2.71361,1.32641,0.00389798,1471.86,BOOST
4.7,2.84818,1.36508,0.00401162,1471.24,BOOST
4.8,2.98664,1.40417,0.00412651,1470.63,BOOST
4.9,3.12903,1.44369,0.00424264,1470.02,BOOST
5,3.27539,1.48363,0.00436002,1469.41,BOOST
5.1,3.42577,1.52399,0.00447865,1468.8,BOOST
5.2,3.5802,1.56478,0.00459853,1468.18,BOOST
5.3,3.73874,1.606,0.00471966,1467.57,BOOST
5.4,3.90142,1.64764,0.00484205,1466.96,BOOST
5.5,4.06828,1.68971,0.00496569,1466.35,BOOST
5.6,4.23937,1.73221,0.00509058,1465.74,BOOST
5.7,4.41474,1.77513,0.00521673,1465.13,BOOST
5.8,4.59441,1.81848,0.00534414,1464.51,BOOST
5.9,4.77845,1.86226,0.0054728,1463.9,BOOST
6,4.96688,1.90646,0.00560273,1463.29,BOOST
6.1,5.15975,1.9511,0.00573391,1462.68,BOOST
6.2,5.35711,1.99616,0.00586635,1462.07,BOOST
6.3,5.559,2.04165,0.00600006,1461.45,BOOST
6.4,5.76546,2.08757,0.00613503,1460.84,BOOST
6.5,5.97653,2.13392,0.00627127,1460.23,BOOST
6.6,6.19226,2.18071,0.00640877,1459.62,BOOST
6.7,6.41268,2.22792,0.00654753,1459.01,BOOST
6.8,6.63785,2.27556,0.00668757,1458.4,BOOST
6.9,6.86781,2.32364,0.00682887,1457.78,BOOST
7,7.1026,2.37214,0.00697144,1457.17,BOOST
7.1,7.34225,2.42108,0.00711529,1456.56,BOOST
7.2,7.58683,2.47045,0.0072604,1455.95,BOOST
7.3,7.83636,2.52026,0.00740679,1455.34,BOOST
7.4,8.09089,2.5705,0.00755446,1454.72,BOOST
7.5,8.35047,2.62117,0.00770339,1454.11,BOOST
7.6,8.61514,2.67227,0.00785361,1453.5,BOOST
7.7,8.88494,2.72381,0.0080051,1452.89,BOOST
7.8,9.15992,2.77578,0.00815787,1452.28,BOOST
7.9,9.44011,2.82819,0.00831192,1451.67,BOOST
8,9.72557,2.88103,0.00846725,1451.05,BOOST
8.1,10.0163,2.93431,0.00862387,1450.44,BOOST
8.2,10.3124,2.98803,0.00878176,1449.83,BOOST
8.3,10.614,3.04218,0.00894095,1449.22,BOOST
8.4,10.9209,3.09677,0.00910141,1448.61,BOOST
8.5,11.2333,3.15179,0.00926316,1447.99,BOOST
8.6,11.5513,3.20726,0.0094262,1447.38,BOOST
8.7,11.8748,3.26316,0.00959053,1446.77,BOOST
8.8,12.2039,3.3195,0.00975615,1446.16,BOOST
8.9,12.5387,3.37628,0.00992306,1445.55,BOOST
9,12.8792,3.43349,0.0100913,1444.94,BOOST
9.1,13.2254,3.49115,0.0102608,1444.32,BOOST
9.2,13.5774,3.54924,0.0104315,1443.71,BOOST
9.3,13.9353,3.60778,0.0106036,1443.1,BOOST
9.4,14.299,3.66676,0.010777,1442.49,BOOST
9.5,14.6686,3.72617,0.0109517,1441.88,BOOST
9.6,15.0443,3.78603,0.0111277,1441.26,BOOST
9.7,15.4259,3.84633,0.0113049,1440.65,BOOST
9.8,15.8135,3.90707,0.0114835,1440.04,BOOST
9.9,16.2073,3.96825,0.0116634,1439.43,BOOST
10,16.6072,4.02988,0.0118446,1438.82,BOOST
10.1,17.0133,4.09195,0.0120271,1438.21,BOOST
10.2,17.4256,4.15446,0.0122109,1437.59,BOOST
10.3,17.8442,4.21742,0.012396,1436.98,BOOST
10.4,18.2691,4.28082,0.0125824,1436.37,BOOST
10.5,18.7004,4.34466,0.0127701,1435.76,BOOST
10.6,19.138,4.40895,0.0129591,1435.15,BOOST
10.7,19.5822,4.47369,0.0131494,1434.53,BOOST
10.8,20.0328,4.53887,0.0133411,1433.92,BOOST
10.9,20.49,4.6045,0.0135341,1433.31,BOOST
11,20.9537,4.67057,0.0137283,1432.7,BOOST
11.1,21.4241,4.73709,0.0139239,1432.09,BOOST
11.2,21.9011,4.80406,0.0141209,1431.48,BOOST
11.3,22.3849,4.87147,0.0143191,1430.86,BOOST
11.4,22.8755,4.93933,0.0145186,1430.25,BOOST
11.5,23.3728,5.00764,0.0147195,1429.64,BOOST
11.6,23.877,5.0764,0.0149217,1429.03,BOOST
11.7,24.3881,5.14561,0.0151252,1428.42,BOOST
11.8,24.9061,5.21526,0.0153301,1427.8,BOOST
11.9,25.4312,5.28537,0.0155362,1427.19,BOOST
12,25.9632,5.35593,0.0157437,1426.58,BOOST
12.1,26.5024,5.42694,0.0159525,1425.97,BOOST
12.2,27.0486,5.49839,0.0161627,1425.36,BOOST
12.3,27.6021,5.5703,0.0163742,1424.74,BOOST
12.4,28.1627,5.64266,0.016587,1424.13,BOOST
12.5,28.7306,5.71548,0.0168011,1423.52,BOOST
12.6,29.3058,5.78874,0.0170166,1422.91,BOOST
12.7,29.8884,5.86246,0.0172334,1422.3,BOOST
12.8,30.4783,5.93663,0.0174516,1421.69,BOOST
12.9,31.0757,6.01125,0.017671,1421.07,BOOST
13,31.6806,6.08633,0.0178919,1420.46,BOOST
13.1,32.293,6.16187,0.018114,1419.85,BOOST
13.2,32.913,6.23785,0.0183375,1419.24,BOOST
13.3,33.5406,6.31429,0.0185624,1418.63,BOOST
13.4,34.1759,6.39119,0.0187886,1418.01,BOOST
13.5,34.8188,6.46854,0.0190161,1417.4,BOOST
13.6,35.4696,6.54635,0.019245,1416.79,BOOST
13.7,36.1281,6.62462,0.0194752,1416.18,BOOST
13.8,36.7945,6.70334,0.0197068,1415.57,BOOST
13.9,37.4688,6.78252,0.0199397,1414.96,BOOST
14,38.151,6.86216,0.020174,1414.34,BOOST
14.1,38.8413,6.94226,0.0204096,1413.73,BOOST
14.2,39.5395,7.02281,0.0206466,1413.12,BOOST
14.3,40.2458,7.10382,0.020885,1412.51,BOOST
14.4,40.9603,7.1853,0.0211247,1411.9,BOOST
14.5,41.6829,7.26723,0.0213657,1411.28,BOOST
14.6,42.4137,7.34962,0.0216081,1410.67,BOOST
14.7,43.1528,7.43247,0.0218519,1410.06,BOOST
14.8,43.9003,7.51579,0.022097,1409.45,BOOST
14.9,44.656,7.59956,0.0223435,1408.84,BOOST
15,45.4202,7.6838,0.0225914,1408.23,BOOST
15.1,46.1928,7.76849,0.0228406,1407.61,BOOST
15.2,46.9739,7.85365,0.0230912,1407,BOOST
15.3,47.7635,7.93928,0.0233431,1406.39,BOOST
15.4,48.5618,8.02536,0.0235964,1405.78,BOOST
15.5,49.3686,8.11191,0.0238511,1405.17,BOOST
15.6,50.1842,8.19892,0.0241072,1404.55,BOOST
15.7,51.0084,8.2864,0.0243646,1403.94,BOOST
15.8,51.8415,8.37434,0.0246234,1403.33,BOOST
15.9,52.6833,8.46275,0.0248836,1402.72,BOOST
16,53.534,8.55162,0.0251452,1402.11,BOOST
16.1,54.3936,8.64096,0.0254081,1401.5,BOOST
16.2,55.2622,8.73076,0.0256724,1400.88,BOOST
16.3,56.1398,8.82104,0.0259381,1400.27,BOOST
16.4,57.0265,8.91177,0.0262052,1399.66,BOOST
16.5,57.9222,9.00298,0.0264736,1399.05,BOOST
16.6,58.8271,9.09465,0.0267435,1398.44,BOOST
16.7,59.7411,9.18679,0.0270147,1397.82,BOOST
16.8,60.6644,9.2794,0.0272873,1397.21,BOOST
16.9,61.597,9.37248,0.0275613,1396.6,BOOST
17,62.5389,9.46603,0.0278367,1395.99,BOOST
17.1,63.4902,9.56005,0.0281135,1395.38,BOOST
17.2,64.451,9.65453,0.0283916,1394.77,BOOST
17.3,65.4212,9.74949,0.0286712,1394.15,BOOST
17.4,66.4009,9.84492,0.0289522,1393.54,BOOST
17.5,67.3902,9.94082,0.0292345,1392.93,BOOST
17.6,68.3891,10.0372,0.0295182,1392.32,BOOST
17.7,69.3976,10.134,0.0298034,1391.71,BOOST
17.8,70.4159,10.2314,0.0300899,1391.09,BOOST
17.9,71.4439,10.3291,0.0303779,1390.48,BOOST
18,72.4817,10.4274,0.0306672,1389.87,BOOST
18.1,73.5294,10.5261,0.030958,1389.26,BOOST
18.2,74.587,10.6254,0.0312501,1388.65,BOOST
18.3,75.6545,10.725,0.0315437,1388.04,BOOST
18.4,76.732,10.8252,0.0318387,1387.42,BOOST
18.5,77.8196,10.9258,0.032135,1386.81,BOOST
18.6,78.9172,11.0269,0.0324328,1386.2,BOOST
18.7,80.025,11.1285,0.032732,1385.59,BOOST
18.8,81.1429,11.2306,0.0330326,1384.98,BOOST
18.9,82.2711,11.3331,0.0333347,1384.36,BOOST
19,83.4096,11.4362,0.0336381,1383.75,BOOST
19.1,84.5583,11.5397,0.033943,1383.14,BOOST
19.2,85.7175,11.6436,0.0342492,1382.53,BOOST
19.3,86.8871,11.7481,0.0345569,1381.92,BOOST
19.4,88.0671,11.853,0.034866,1381.31,BOOST
19.5,89.2577,11.9584,0.0351766,1380.69,BOOST
19.6,90.4588,12.0643,0.0354885,1380.08,BOOST
19.7,91.6706,12.1707,0.0358019,1379.47,BOOST
19.8,92.893,12.2775,0.0361167,1378.86,BOOST
19.9,94.1261,12.3849,0.036433,1378.25,BOOST
20,95.37,12.4927,0.0367506,1377.63,BOOST
20.1,96.6247,12.601,0.0370697,1377.02,BOOST
20.2,97.8902,12.7097,0.0373903,1376.41,BOOST
20.3,99.1666,12.819,0.0377122,1375.8,BOOST
20.4,100.454,12.9287,0.0380356,1375.19,BOOST
20.5,101.752,13.039,0.0383605,1374.57,BOOST
20.6,103.062,13.1497,0.0386867,1373.96,BOOST
20.7,104.382,13.2609,0.0390145,1373.35,BOOST
20.8,105.714,13.3726,0.0393436,1372.74,BOOST
20.9,107.057,13.4847,0.0396742,1372.13,BOOST
21,108.411,13.5974,0.0400062,1371.52,BOOST
21.1,109.776,13.7105,0.0403397,1370.9,BOOST
21.2,111.153,13.8241,0.0406746,1370.29,BOOST
21.3,112.541,13.9382,0.041011,1369.68,BOOST
21.4,113.941,14.0528,0.0413488,1369.07,BOOST
21.5,115.352,14.1679,0.0416881,1368.46,BOOST
21.6,116.774,14.2835,0.0420288,1367.84,BOOST
21.7,118.208,14.3995,0.042371,1367.23,BOOST
21.8,119.654,14.5161,0.0427146,1366.62,BOOST
21.9,121.112,14.6331,0.0430597,1366.01,BOOST
22,122.581,14.7506,0.0434063,1365.4,BOOST
22.1,124.062,14.8686,0.0437543,1364.79,BOOST
22.2,125.555,14.9871,0.0441037,1364.17,BOOST
22.3,127.059,15.1061,0.0444547,1363.56,BOOST
22.4,128.576,15.2256,0.0448071,1362.95,BOOST
22.5,130.104,15.3456,0.0451609,1362.34,BOOST
22.6,131.645,15.4661,0.0455162,1361.73,BOOST
22.7,133.198,15.587,0.045873,1361.11,BOOST
22.8,134.762,15.7085,0.0462313,1360.5,BOOST
22.9,136.339,15.8304,0.046591,1359.89,BOOST
23,137.929,15.9529,0.0469522,1359.28,BOOST
23.1,139.53,16.0758,0.0473149,1358.67,BOOST
23.2,141.144,16.1992,0.047679,1358.06,BOOST
23.3,142.77,16.3232,0.0480446,1357.44,BOOST
23.4,144.408,16.4476,0.0484117,1356.83,BOOST
23.5,146.059,16.5725,0.0487803,1356.22,BOOST
23.6,147.723,16.6979,0.0491504,1355.61,BOOST
23.7,149.399,16.8238,0.0495219,1355,BOOST
23.8,151.088,16.9502,0.0498949,1354.38,BOOST
23.9,152.789,17.0771,0.0502695,1353.77,BOOST
24,154.503,17.2045,0.0506454,1353.16,BOOST
24.1,156.23,17.3324,0.0510229,1352.55,BOOST
24.2,157.97,17.4608,0.0514019,1351.94,BOOST
24.3,159.722,17.5897,0.0517824,1351.33,BOOST
24.4,161.488,17.7191,0.0521643,1350.71,BOOST
24.5,163.266,17.849,0.0525478,1350.1,BOOST
24.6,165.057,17.9794,0.0529327,1349.49,BOOST
24.7,166.862,18.1103,0.0533192,1348.88,BOOST
24.8,168.679,18.2417,0.0537071,1348.27,BOOST
24.9,170.51,18.3736,0.0540966,1347.65,BOOST
25,172.354,18.506,0.0544875,1347.04,BOOST
25.1,174.211,18.6389,0.05488,1346.43,BOOST
25.2,176.082,18.7723,0.0552739,1345.82,BOOST
25.3,177.966,18.9062,0.0556694,1345.21,BOOST
25.4,179.863,19.0406,0.0560664,1344.6,BOOST
25.5,181.774,19.1755,0.0564649,1343.98,BOOST
25.6,183.698,19.311,0.0568648,1343.37,BOOST
25.7,185.636,19.4469,0.0572663,1342.76,BOOST
25.8,187.588,19.5833,0.0576694,1342.15,BOOST
25.9,189.553,19.7202,0.0580739,1341.54,BOOST
26,191.532,19.8577,0.05848,1340.92,BOOST
26.1,193.525,19.9956,0.0588875,1340.31,BOOST
26.2,195.531,20.1341,0.0592966,1339.7,BOOST
26.3,197.551,20.2731,0.0597072,1339.09,BOOST
26.4,199.586,20.4125,0.0601194,1338.48,BOOST
26.5,201.634,20.5525,0.060533,1337.87,BOOST
26.6,203.696,20.693,0.0609482,1337.25,BOOST
26.7,205.772,20.834,0.0613649,1336.64,BOOST
26.8,207.863,20.9755,0.0617832,1336.03,BOOST
26.9,209.968,21.1175,0.062203,1335.42,BOOST
27,212.086,21.26,0.0626243,1334.81,BOOST
27.1,214.22,21.4031,0.0630471,1334.19,BOOST
27.2,216.367,21.5466,0.0634715,1333.58,BOOST
27.3,218.529,21.6907,0.0638974,1332.97,BOOST
27.4,220.705,21.8352,0.0643249,1332.36,BOOST
27.5,222.896,21.9803,0.0647539,1331.75,BOOST
27.6,225.101,22.1259,0.0651844,1331.13,BOOST
27.7,227.321,22.272,0.0656165,1330.52,BOOST
27.8,229.556,22.4187,0.0660502,1329.91,BOOST
27.9,231.805,22.5658,0.0664854,1329.3,BOOST
28,234.069,22.7135,0.0669221,1328.69,BOOST
28.1,236.348,22.8616,0.0673604,1328.08,BOOST
28.2,238.641,23.0103,0.0678002,1327.46,BOOST
28.3,240.95,23.1595,0.0682416,1326.85,BOOST
28.4,243.273,23.3092,0.0686846,1326.24,BOOST
28.5,245.612,23.4595,0.0691291,1325.63,BOOST
28.6,247.965,23.6102,0.0695751,1325.02,BOOST
28.7,250.334,23.7615,0.0700228,1324.4,BOOST
28.8,252.717,23.9133,0.0704719,1323.79,BOOST
28.9,255.116,24.0656,0.0709227,1323.18,BOOST
29,257.531,24.2184,0.071375,1322.57,BOOST
29.1,259.96,24.3717,0.0718289,1321.96,BOOST
29.2,262.405,24.5256,0.0722844,1321.35,BOOST
29.3,264.865,24.68,0.0727414,1320.73,BOOST
29.4,267.341,24.8349,0.0732,1320.12,BOOST
29.5,269.832,24.9903,0.0736602,1319.51,BOOST
29.6,272.339,25.1462,0.0741219,1318.9,BOOST
29.7,274.861,25.3027,0.0745852,1318.29,BOOST
29.8,277.4,25.4597,0.0750502,1317.67,BOOST
29.9,279.953,25.6172,0.0755166,1317.06,BOOST
30,282.523,25.7752,0.0759847,1316.45,BOOST
30.1,285.108,25.9338,0.0764544,1315.84,BOOST
30.2,287.71,26.0929,0.0769256,1315.23,BOOST
30.3,290.327,26.2525,0.0773984,1314.62,BOOST
30.4,292.96,26.4126,0.0778729,1314,BOOST
30.5,295.61,26.5733,0.0783489,1313.39,BOOST
30.6,298.275,26.7345,0.0788265,1312.78,BOOST
30.7,300.957,26.8962,0.0793057,1312.17,BOOST
30.8,303.654,27.0584,0.0797865,1311.56,BOOST
30.9,306.368,27.2212,0.0802689,1310.94,BOOST
31,309.099,27.3845,0.0807529,1310.33,BOOST
31.1,311.845,27.5483,0.0812385,1309.72,BOOST
31.2,314.608,27.7126,0.0817257,1309.11,BOOST
31.3,317.388,27.8775,0.0822145,1308.5,BOOST
31.4,320.184,28.0429,0.0827049,1307.89,BOOST
31.5,322.996,28.2089,0.0831969,1307.27,BOOST
31.6,325.825,28.3753,0.0836906,1306.66,BOOST
31.7,328.671,28.5423,0.0841858,1306.05,BOOST
31.8,331.534,28.7098,0.0846827,1305.44,BOOST
31.9,334.413,28.8779,0.0851812,1304.83,BOOST
32,337.31,29.0465,0.0856813,1304.21,BOOST
32.1,340.223,29.2156,0.086183,1303.6,BOOST
32.2,343.153,29.3853,0.0866863,1302.99,BOOST
32.3,346.1,29.5555,0.0871913,1302.38,BOOST
32.4,349.064,29.7262,0.0876979,1301.77,BOOST
32.5,352.045,29.8974,0.0882061,1301.16,BOOST
32.6,355.043,30.0692,0.0887159,1300.54,BOOST
32.7,358.059,30.2416,0.0892274,1299.93,BOOST
32.8,361.092,30.4144,0.0897405,1299.32,BOOST
32.9,364.142,30.5878,0.0902552,1298.71,BOOST
33,367.209,30.7618,0.0907716,1298.1,BOOST
33.1,370.294,30.9362,0.0912896,1297.48,BOOST
33.2,373.397,31.1112,0.0918093,1296.87,BOOST
33.3,376.516,31.2868,0.0923306,1296.26,BOOST
33.4,379.654,31.4629,0.0928535,1295.65,BOOST
33.5,382.809,31.6395,0.0933781,1295.04,BOOST
33.6,385.982,31.8167,0.0939043,1294.43,BOOST
33.7,389.172,31.9944,0.0944322,1293.81,BOOST
33.8,392.381,32.1726,0.0949618,1293.2,BOOST
33.9,395.607,32.3514,0.0954929,1292.59,BOOST
34,398.851,32.5307,0.0960258,1291.98,BOOST
34.1,402.113,32.7106,0.0965603,1291.37,BOOST
34.2,405.393,32.891,0.0970964,1290.75,BOOST
34.3,408.691,33.0719,0.0976342,1290.14,BOOST
34.4,412.008,33.2534,0.0981737,1289.53,BOOST
34.5,415.342,33.4355,0.0987149,1288.92,BOOST
34.6,418.695,33.618,0.0992577,1288.31,BOOST
34.7,422.066,33.8012,0.0998022,1287.7,BOOST
34.8,425.455,33.9848,0.100348,1287.08,BOOST
34.9,428.863,34.169,0.100896,1286.47,BOOST
35,432.289,34.3538,0.101446,1285.86,BOOST
35.1,435.733,34.5391,0.101997,1285.25,BOOST
35.2,439.197,34.7249,0.10255,1284.64,BOOST
35.3,442.678,34.9113,0.103104,1284.02,BOOST
35.4,446.179,35.0983,0.10366,1283.41,BOOST
35.5,449.698,35.2858,0.104218,1282.8,BOOST
35.6,453.236,35.4738,0.104778,1282.19,BOOST
35.7,456.793,35.6624,0.105339,1281.58,BOOST
35.8,460.368,35.8515,0.105902,1280.96,BOOST
35.9,463.963,36.0412,0.106467,1280.35,BOOST
36,467.577,36.2314,0.107033,1279.74,BOOST
36.1,471.209,36.4222,0.107601,1279.13,BOOST
36.2,474.861,36.6135,0.108171,1278.52,BOOST
36.3,478.532,36.8054,0.108742,1277.91,BOOST
36.4,482.222,36.9979,0.109315,1277.29,BOOST
36.5,485.932,37.1908,0.10989,1276.68,BOOST
36.6,489.66,37.3844,0.110467,1276.07,BOOST
36.7,493.409,37.5785,0.111045,1275.46,BOOST
36.8,497.176,37.7731,0.111625,1274.85,BOOST
36.9,500.963,37.9683,0.112207,1274.23,BOOST
37,504.77,38.1641,0.11279,1273.62,BOOST
37.1,508.596,38.3604,0.113375,1273.01,BOOST
37.2,512.442,38.5573,0.113962,1272.4,BOOST
37.3,516.308,38.7547,0.11455,1271.79,BOOST
37.4,520.193,38.9526,0.115141,1271.18,BOOST
37.5,524.098,39.1512,0.115733,1270.56,BOOST
37.6,528.023,39.3503,0.116326,1269.95,BOOST
37.7,531.968,39.5499,0.116922,1269.34,BOOST
37.8,535.933,39.7501,0.117519,1268.73,BOOST
37.9,539.918,39.9509,0.118118,1268.12,BOOST
38,543.923,40.1522,0.118718,1267.5,BOOST
38.1,547.949,40.3541,0.119321,1266.89,BOOST
38.2,551.994,40.5565,0.119925,1266.28,BOOST
38.3,556.06,40.7595,0.120531,1265.67,BOOST
38.4,560.146,40.9631,0.121138,1265.06,BOOST
38.5,564.253,41.1672,0.121748,1264.45,BOOST
38.6,568.38,41.3719,0.122359,1263.83,BOOST
38.7,572.527,41.5771,0.122971,1263.22,BOOST
38.8,576.695,41.7829,0.123586,1262.61,BOOST
38.9,580.884,41.9893,0.124202,1262,BOOST
39,585.093,42.1962,0.12482,1261.39,BOOST
39.1,589.323,42.4037,0.12544,1260.77,BOOST
39.2,593.574,42.6118,0.126062,1260.16,BOOST
39.3,597.845,42.8204,0.126685,1259.55,BOOST
39.4,602.138,43.0296,0.12731,1258.94,BOOST
39.5,606.451,43.2394,0.127937,1258.33,BOOST
39.6,610.786,43.4497,0.128566,1257.72,BOOST
39.7,615.141,43.6606,0.129196,1257.1,BOOST
39.8,619.518,43.8721,0.129828,1256.49,BOOST
39.9,623.916,44.0841,0.130462,1255.88,BOOST
40,628.335,44.2967,0.131098,1255.27,BOOST
40.1,632.775,44.5098,0.131736,1254.66,BOOST
40.2,637.237,44.7236,0.132375,1254.04,BOOST
40.3,641.72,44.9379,0.133016,1253.43,BOOST
40.4,646.224,45.1527,0.133659,1252.82,BOOST
40.5,650.75,45.3682,0.134304,1252.21,BOOST
40.6,655.298,45.5842,0.13495,1251.6,BOOST
40.7,659.867,45.8008,0.135598,1250.99,BOOST
40.8,664.458,46.0179,0.136248,1250.37,BOOST
40.9,669.071,46.2356,0.1369,1249.76,BOOST
41,673.705,46.4539,0.137554,1249.15,BOOST
41.1,678.362,46.6728,0.138209,1248.54,BOOST
41.2,683.04,46.8922,0.138866,1247.93,BOOST
41.3,687.74,47.1122,0.139525,1247.31,BOOST
41.4,692.462,47.3328,0.140186,1246.7,BOOST
41.5,697.207,47.554,0.140849,1246.09,BOOST
41.6,701.973,47.7757,0.141513,1245.48,BOOST
41.7,706.762,47.9981,0.14218,1244.87,BOOST
41.8,711.573,48.221,0.142848,1244.26,BOOST
41.9,716.406,48.4444,0.143518,1243.64,BOOST
42,721.262,48.6685,0.144189,1243.03,BOOST
42.1,726.14,48.8931,0.144863,1242.42,BOOST
42.2,731.04,49.1183,0.145538,1241.81,BOOST
42.3,735.963,49.3441,0.146215,1241.2,BOOST
42.4,740.909,49.5704,0.146894,1240.58,BOOST
42.5,745.877,49.7974,0.147575,1239.97,BOOST
42.6,750.869,50.0249,0.148258,1239.36,BOOST
42.7,755.882,50.253,0.148943,1238.75,BOOST
42.8,760.919,50.4817,0.149629,1238.14,BOOST
42.9,765.979,50.7109,0.150317,1237.53,BOOST
43,771.061,50.9408,0.151007,1236.91,BOOST
43.1,776.167,51.1712,0.151699,1236.3,BOOST
43.2,781.296,51.4022,0.152393,1235.69,BOOST
43.3,786.447,51.6338,0.153089,1235.08,BOOST
43.4,791.622,51.866,0.153786,1234.47,BOOST
43.5,796.821,52.0987,0.154485,1233.85,BOOST
43.6,802.042,52.3321,0.155187,1233.24,BOOST
43.7,807.287,52.566,0.15589,1232.63,BOOST
43.8,812.555,52.8005,0.156594,1232.02,BOOST
43.9,817.847,53.0356,0.157301,1231.41,BOOST
44,823.163,53.2713,0.15801,1230.79,BOOST
44.1,828.502,53.5076,0.15872,1230.18,BOOST
44.2,833.864,53.7444,0.159433,1229.57,BOOST
44.3,839.25,53.9819,0.160147,1228.96,BOOST
44.4,844.661,54.2199,0.160863,1228.35,BOOST
44.5,850.094,54.4585,0.161581,1227.74,BOOST
44.6,855.552,54.6978,0.162301,1227.12,BOOST
44.7,861.034,54.9376,0.163023,1226.51,BOOST
44.8,866.54,55.178,0.163747,1225.9,BOOST
44.9,872.07,55.4189,0.164472,1225.29,BOOST
45,877.624,55.6605,0.1652,1224.68,BOOST
45.1,883.202,55.9027,0.165929,1224.06,BOOST
45.2,888.804,56.1454,0.16666,1223.45,BOOST
45.3,894.431,56.3888,0.167393,1222.84,BOOST
45.4,900.082,56.6327,0.168128,1222.23,BOOST
45.5,905.757,56.8773,0.168865,1221.62,BOOST
45.6,911.457,57.1224,0.169604,1221.01,BOOST
45.7,917.182,57.3681,0.170345,1220.39,BOOST
45.8,922.931,57.6145,0.171088,1219.78,BOOST
45.9,928.705,57.8614,0.171832,1219.17,BOOST
46,934.503,58.1089,0.172579,1218.56,BOOST
46.1,940.327,58.357,0.173327,1217.95,BOOST
46.2,946.175,58.6057,0.174078,1217.33,BOOST
46.3,952.048,58.855,0.17483,1216.72,BOOST
46.4,957.946,59.1049,0.175584,1216.11,BOOST
46.5,963.869,59.3554,0.17634,1215.5,BOOST
46.6,969.817,59.6065,0.177098,1214.89,BOOST
46.7,975.79,59.8582,0.177858,1214.28,BOOST
46.8,981.789,60.1105,0.17862,1213.66,BOOST
46.9,987.812,60.3634,0.179384,1213.05,BOOST
47,993.861,60.6169,0.18015,1212.44,BOOST
47.1,999.936,60.871,0.180918,1211.83,BOOST
47.2,1006.04,61.1257,0.181688,1211.22,BOOST
47.3,1012.16,61.381,0.182459,1210.6,BOOST
47.4,1018.31,61.6369,0.183233,1209.99,BOOST
47.5,1024.49,61.8934,0.184008,1209.38,BOOST
47.6,1030.69,62.1505,0.184786,1208.77,BOOST
47.7,1036.92,62.4082,0.185566,1208.16,BOOST
47.8,1043.17,62.6666,0.186347,1207.55,BOOST
47.9,1049.45,62.9255,0.18713,1206.93,BOOST
48,1055.76,63.185,0.187916,1206.32,BOOST
48.1,1062.09,63.4452,0.188703,1205.71,BOOST
48.2,1068.45,63.7059,0.189493,1205.1,BOOST
48.3,1074.83,63.9673,0.190284,1204.49,BOOST
48.4,1081.24,64.2292,0.191077,1203.87,BOOST
48.5,1087.68,64.4918,0.191873,1203.26,BOOST
48.6,1094.14,64.7549,0.19267,1202.65,BOOST
48.7,1100.63,65.0187,0.193469,1202.04,BOOST
48.8,1107.14,65.2831,0.194271,1201.43,BOOST
48.9,1113.68,65.5481,0.195074,1200.82,BOOST
49,1120.25,65.8137,0.195879,1200.2,BOOST
49.1,1126.85,66.0799,0.196686,1199.59,BOOST
49.2,1133.47,66.3468,0.197496,1198.98,BOOST
49.3,1140.12,66.6142,0.198307,1198.37,BOOST
49.4,1146.79,66.8823,0.19912,1197.76,BOOST
49.5,1153.49,67.1509,0.199936,1197.14,BOOST
49.6,1160.22,67.4202,0.200753,1196.53,BOOST
49.7,1166.98,67.6901,0.201572,1195.92,BOOST
49.8,1173.76,67.9606,0.202394,1195.31,BOOST
49.9,1180.57,68.2318,0.203217,1194.7,BOOST
50,1187.4,68.5035,0.204043,1194.09,BOOST
50.1,1194.27,68.7758,0.20487,1193.47,BOOST
50.2,1201.16,69.0488,0.205699,1192.86,BOOST
50.3,1208.08,69.3224,0.206531,1192.25,BOOST
50.4,1215.02,69.5966,0.207365,1191.64,BOOST
50.5,1222,69.8714,0.2082,1191.03,BOOST
50.6,1229,70.1469,0.209038,1190.41,BOOST
50.7,1236.03,70.4229,0.209877,1189.8,BOOST
50.8,1243.08,70.6996,0.210719,1189.19,BOOST
50.9,1250.17,70.9769,0.211563,1188.58,BOOST
51,1257.28,71.2548,0.212409,1187.97,BOOST
51.1,1264.42,71.5333,0.213257,1187.36,BOOST
51.2,1271.59,71.8125,0.214107,1186.74,BOOST
51.3,1278.78,72.0923,0.214959,1186.13,BOOST
51.4,1286,72.3727,0.215813,1185.52,BOOST
51.5,1293.26,72.6537,0.216669,1184.91,BOOST
51.6,1300.53,72.9354,0.217527,1184.3,BOOST
51.7,1307.84,73.2176,0.218388,1183.68,BOOST
51.8,1315.18,73.5005,0.21925,1183.07,BOOST
51.9,1322.54,73.784,0.220114,1182.46,BOOST
52,1329.94,74.0682,0.220981,1181.85,BOOST
52.1,1337.36,74.3529,0.22185,1181.24,BOOST
52.2,1344.81,74.6383,0.22272,1180.62,BOOST
52.3,1352.28,74.9244,0.223593,1180.01,MAX_Q
52.4,1359.79,75.211,0.224468,1179.4,MAX_Q
52.5,1367.33,75.4983,0.225345,1178.79,MAX_Q
52.6,1374.89,75.7862,0.226224,1178.18,MAX_Q
52.7,1382.48,76.0747,0.227106,1177.57,MAX_Q
52.8,1390.11,76.3639,0.227989,1176.95,MAX_Q
52.9,1397.76,76.6536,0.228875,1176.34,MAX_Q
53,1405.44,76.9441,0.229762,1175.73,MAX_Q
53.1,1413.15,77.2351,0.230652,1175.12,MAX_Q
53.2,1420.88,77.5268,0.231544,1174.51,MAX_Q
53.3,1428.65,77.8191,0.232438,1173.89,MAX_Q
53.4,1436.45,78.112,0.233334,1173.28,MAX_Q
53.5,1444.27,78.4056,0.234232,1172.67,MAX_Q
53.6,1452.13,78.6998,0.235132,1172.06,MAX_Q
53.7,1460.01,78.9947,0.236035,1171.45,MAX_Q
53.8,1467.93,79.2901,0.236939,1170.84,MAX_Q
53.9,1475.87,79.5862,0.237846,1170.22,MAX_Q
54,1483.84,79.883,0.238755,1169.61,MAX_Q
54.1,1491.85,80.1803,0.239666,1169,MAX_Q
54.2,1499.88,80.4784,0.240579,1168.39,MAX_Q
54.3,1507.94,80.777,0.241495,1167.78,MAX_Q
54.4,1516.04,81.0763,0.242412,1167.16,MAX_Q
54.5,1524.16,81.3762,0.243332,1166.55,MAX_Q
54.6,1532.31,81.6768,0.244254,1165.94,MAX_Q
54.7,1540.49,81.978,0.245178,1165.33,MAX_Q
54.8,1548.71,82.2798,0.246104,1164.72,MAX_Q
54.9,1556.95,82.5823,0.247033,1164.11,MAX_Q
55,1565.22,82.8854,0.247963,1163.49,MAX_Q
55.1,1573.53,83.1892,0.248896,1162.88,MAX_Q
55.2,1581.86,83.4936,0.249831,1162.27,MAX_Q
55.3,1590.23,83.7986,0.250768,1161.66,MAX_Q
55.4,1598.62,84.1043,0.251708,1161.05,MAX_Q
55.5,1607.05,84.4106,0.252649,1160.43,MAX_Q
55.6,1615.5,84.7176,0.253593,1159.82,MAX_Q
55.7,1623.99,85.0252,0.254539,1159.21,MAX_Q
55.8,1632.51,85.3334,0.255487,1158.6,MAX_Q
55.9,1641.06,85.6423,0.256438,1157.99,MAX_Q
56,1649.64,85.9519,0.25739,1157.38,MAX_Q
56.1,1658.25,86.262,0.258345,1156.76,MAX_Q
56.2,1666.89,86.5729,0.259302,1156.15,MAX_Q
56.3,1675.56,86.8844,0.260261,1155.54,MAX_Q
56.4,1684.27,87.1965,0.261223,1154.93,MAX_Q
56.5,1693,87.5093,0.262187,1154.32,MAX_Q
56.6,1701.77,87.8227,0.263153,1153.7,MAX_Q
56.7,1710.57,88.1368,0.264121,1153.09,MAX_Q
56.8,1719.4,88.4515,0.265091,1152.48,MAX_Q
56.9,1728.26,88.7668,0.266064,1151.87,MAX_Q
57,1737.15,89.0829,0.267039,1151.26,MAX_Q
57.1,1746.07,89.3995,0.268016,1150.65,MAX_Q
57.2,1755.03,89.7168,0.268996,1150.03,MAX_Q
57.3,1764.02,90.0348,0.269977,1149.42,MAX_Q
57.4,1773.04,90.3534,0.270961,1148.81,MAX_Q
57.5,1782.09,90.6727,0.271948,1148.2,MAX_Q
57.6,1791.17,90.9926,0.272936,1147.59,MAX_Q
57.7,1800.29,91.3132,0.273927,1146.97,MAX_Q
57.8,1809.43,91.6345,0.27492,1146.36,MAX_Q
57.9,1818.61,91.9563,0.275916,1145.75,MAX_Q
58,1827.82,92.2789,0.276913,1145.14,MAX_Q
58.1,1837.07,92.6021,0.277913,1144.53,MAX_Q
58.2,1846.34,92.9259,0.278915,1143.92,MAX_Q
58.3,1855.65,93.2505,0.27992,1143.3,MAX_Q
58.4,1864.99,93.5756,0.280927,1142.69,MAX_Q
58.5,1874.37,93.9015,0.281936,1142.08,MAX_Q
58.6,1883.77,94.2279,0.282947,1141.47,MAX_Q
58.7,1893.21,94.5551,0.283961,1140.86,MAX_Q
58.8,1902.69,94.8829,0.284977,1140.24,MAX_Q
58.9,1912.19,95.2114,0.285996,1139.63,MAX_Q
59,1921.73,95.5405,0.287017,1139.02,MAX_Q
59.1,1931.3,95.8703,0.28804,1138.41,MAX_Q
59.2,1940.9,96.2007,0.289065,1137.8,MAX_Q
59.3,1950.54,96.5318,0.290093,1137.18,MAX_Q
59.4,1960.21,96.8636,0.291123,1136.57,MAX_Q
59.5,1969.91,97.196,0.292155,1135.96,MAX_Q
59.6,1979.65,97.5291,0.29319,1135.35,MAX_Q
59.7,1989.42,97.8629,0.294227,1134.74,MAX_Q
59.8,1999.22,98.1973,0.295267,1134.13,MAX_Q
59.9,2009.06,98.5324,0.296309,1133.51,MAX_Q
60,2018.93,98.8682,0.297353,1132.9,MAX_Q
60.1,2028.83,99.2046,0.298399,1132.29,MAX_Q
60.2,2038.77,99.5417,0.299448,1131.68,MAX_Q
60.3,2048.74,99.8794,0.3005,1131.07,MAX_Q
60.4,2058.74,100.218,0.301553,1130.45,MAX_Q
60.5,2068.78,100.557,0.30261,1129.84,MAX_Q
60.6,2078.86,100.897,0.303668,1129.23,MAX_Q
60.7,2088.96,101.237,0.304729,1128.62,MAX_Q
60.8,2099.1,101.578,0.305792,1128.01,MAX_Q
60.9,2109.28,101.92,0.306858,1127.4,MAX_Q
61,2119.49,102.262,0.307926,1126.78,MAX_Q
61.1,2129.73,102.606,0.308997,1126.17,MAX_Q
61.2,2140.01,102.949,0.310069,1125.56,MAX_Q
61.3,2150.32,103.294,0.311145,1124.95,MAX_Q
61.4,2160.67,103.639,0.312223,1124.34,MAX_Q
61.5,2171.05,103.985,0.313303,1123.72,MAX_Q
61.6,2181.46,104.331,0.314385,1123.11,MAX_Q
61.7,2191.91,104.678,0.31547,1122.5,MAX_Q
61.8,2202.4,105.026,0.316558,1121.89,MAX_Q
61.9,2212.92,105.375,0.317648,1121.28,MAX_Q
62,2223.47,105.724,0.31874,1120.67,MAX_Q
62.1,2234.06,106.074,0.319835,1120.05,MAX_Q
62.2,2244.69,106.424,0.320932,1119.44,MAX_Q
62.3,2255.35,106.776,0.322032,1118.83,MAX_Q
62.4,2266.04,107.127,0.323134,1118.22,MAX_Q
62.5,2276.77,107.48,0.324239,1117.61,MAX_Q
62.6,2287.54,107.833,0.325346,1116.99,MAX_Q
62.7,2298.34,108.187,0.326456,1116.38,MAX_Q
62.8,2309.18,108.542,0.327568,1115.77,MAX_Q
62.9,2320.05,108.897,0.328682,1115.16,MAX_Q
63,2330.96,109.253,0.329799,1114.55,MAX_Q
63.1,2341.9,109.61,0.330919,1113.94,MAX_Q
63.2,2352.88,109.967,0.332041,1113.32,MAX_Q
63.3,2363.89,110.325,0.333165,1112.71,MAX_Q
63.4,2374.94,110.684,0.334293,1112.1,MAX_Q
63.5,2386.03,111.043,0.335422,1111.49,MAX_Q
63.6,2397.15,111.403,0.336554,1110.88,MAX_Q
63.7,2408.31,111.764,0.337689,1110.26,MAX_Q
63.8,2419.51,112.125,0.338826,1109.65,MAX_Q
63.9,2430.74,112.488,0.339966,1109.04,MAX_Q
64,2442,112.85,0.341108,1108.43,MAX_Q
64.1,2453.31,113.214,0.342253,1107.82,MAX_Q
64.2,2464.65,113.578,0.3434,1107.21,MAX_Q
64.3,2476.02,113.943,0.34455,1106.59,MAX_Q
64.4,2487.43,114.309,0.345702,1105.98,MAX_Q
64.5,2498.88,114.675,0.346857,1105.37,MAX_Q
64.6,2510.37,115.042,0.348015,1104.76,MAX_Q
64.7,2521.89,115.41,0.349175,1104.15,MAX_Q
64.8,2533.45,115.778,0.350337,1103.53,MAX_Q
64.9,2545.05,116.147,0.351503,1102.92,MAX_Q
65,2556.68,116.517,0.352671,1102.31,MAX_Q
65.1,2568.35,116.887,0.353841,1101.7,MAX_Q
65.2,2580.06,117.258,0.355014,1101.09,MAX_Q
65.3,2591.8,117.63,0.35619,1100.48,MAX_Q
65.4,2603.58,118.002,0.357368,1099.86,MAX_Q
65.5,2615.4,118.376,0.358549,1099.25,MAX_Q
65.6,2627.26,118.75,0.359732,1098.64,MAX_Q
65.7,2639.15,119.124,0.360918,1098.03,MAX_Q
65.8,2651.08,119.5,0.362107,1097.42,MAX_Q
65.9,2663.05,119.875,0.363298,1096.8,MAX_Q
66,2675.06,120.252,0.364492,1096.19,MAX_Q
66.1,2687.1,120.63,0.365688,1095.58,MAX_Q
66.2,2699.19,121.008,0.366888,1094.97,MAX_Q
66.3,2711.31,121.386,0.368089,1094.36,MAX_Q
66.4,2723.46,121.766,0.369294,1093.75,MAX_Q
66.5,2735.66,122.146,0.370501,1093.13,MAX_Q
66.6,2747.89,122.527,0.371711,1092.52,MAX_Q
66.7,2760.16,122.909,0.372923,1091.91,MAX_Q
66.8,2772.47,123.291,0.374139,1091.3,MAX_Q
66.9,2784.82,123.674,0.375356,1090.69,MAX_Q
67,2797.21,124.058,0.376577,1090.07,MAX_Q
67.1,2809.63,124.442,0.3778,1089.46,MAX_Q
67.2,2822.1,124.827,0.379026,1088.85,MAX_Q
67.3,2834.6,125.213,0.380254,1088.24,MAX_Q
67.4,2847.14,125.6,0.381486,1087.63,MAX_Q
67.5,2859.72,125.987,0.38272,1087.01,MAX_Q
67.6,2872.34,126.375,0.383956,1086.4,MAX_Q
67.7,2884.99,126.764,0.385196,1085.79,MAX_Q
67.8,2897.69,127.153,0.386438,1085.18,MAX_Q
67.9,2910.42,127.543,0.387683,1084.57,MAX_Q
68,2923.2,127.934,0.38893,1083.96,MAX_Q
68.1,2936.01,128.325,0.390181,1083.34,MAX_Q
68.2,2948.86,128.718,0.391434,1082.73,MAX_Q
68.3,2961.75,129.11,0.39269,1082.12,MAX_Q
68.4,2974.69,129.504,0.393948,1081.51,MAX_Q
68.5,2987.66,129.898,0.39521,1080.9,MAX_Q
68.6,3000.67,130.294,0.396474,1080.28,MAX_Q
68.7,3013.71,130.689,0.397741,1079.67,MAX_Q
68.8,3026.8,131.086,0.39901,1079.06,MAX_Q
68.9,3039.93,131.483,0.400283,1078.45,MAX_Q
69,3053.1,131.881,0.401558,1077.84,MAX_Q
69.1,3066.31,132.28,0.402836,1077.23,MAX_Q
69.2,3079.56,132.679,0.404117,1076.61,MAX_Q
69.3,3092.84,133.079,0.405401,1076,MAX_Q
69.4,3106.17,133.48,0.406687,1075.39,MAX_Q
69.5,3119.54,133.881,0.407976,1074.78,MAX_Q
69.6,3132.95,134.284,0.409268,1074.17,MAX_Q
69.7,3146.4,134.687,0.410563,1073.55,MAX_Q
69.8,3159.89,135.09,0.411861,1072.94,MAX_Q
69.9,3173.41,135.495,0.413162,1072.33,MAX_Q
70,3186.98,135.9,0.414465,1071.72,MAX_Q
70.1,3200.59,136.306,0.415771,1071.11,MAX_Q
70.2,3214.25,136.712,0.41708,1070.5,MAX_Q
70.3,3227.94,137.12,0.418392,1069.88,MAX_Q
70.4,3241.67,137.528,0.419707,1069.27,MAX_Q
70.5,3255.44,137.937,0.421025,1068.66,MAX_Q
70.6,3269.26,138.346,0.422346,1068.05,MAX_Q
70.7,3283.11,138.756,0.423669,1067.44,MAX_Q
70.8,3297.01,139.167,0.424996,1066.82,MAX_Q
70.9,3310.95,139.579,0.426325,1066.21,MAX_Q
71,3324.92,139.991,0.427657,1065.6,MAX_Q
71.1,3338.94,140.405,0.428992,1064.99,MAX_Q
71.2,3353,140.818,0.43033,1064.38,MAX_Q
71.3,3367.11,141.233,0.431671,1063.77,MAX_Q
71.4,3381.25,141.648,0.433015,1063.15,MAX_Q
71.5,3395.44,142.064,0.434362,1062.54,MAX_Q
71.6,3409.66,142.481,0.435712,1061.93,MAX_Q
71.7,3423.93,142.899,0.437065,1061.32,MAX_Q
71.8,3438.24,143.317,0.43842,1060.71,MAX_Q
71.9,3452.6,143.736,0.439779,1060.09,MAX_Q
72,3466.99,144.156,0.44114,1059.48,MAX_Q
72.1,3481.43,144.576,0.442505,1058.87,MAX_Q
72.2,3495.91,144.997,0.443873,1058.26,MAX_Q
72.3,3510.43,145.419,0.445243,1057.65,MAX_Q
72.4,3524.99,145.842,0.446617,1057.04,MAX_Q
72.5,3539.6,146.266,0.447993,1056.42,MAX_Q
72.6,3554.24,146.69,0.449373,1055.81,MAX_Q
72.7,3568.93,147.115,0.450755,1055.2,MAX_Q
72.8,3583.67,147.54,0.452141,1054.59,MAX_Q
72.9,3598.44,147.967,0.453529,1053.98,MAX_Q
73,3613.26,148.394,0.454921,1053.36,MAX_Q
73.1,3628.12,148.822,0.456316,1052.75,MAX_Q
73.2,3643.02,149.25,0.457713,1052.14,MAX_Q
73.3,3657.97,149.68,0.459114,1051.53,MAX_Q
73.4,3672.96,150.11,0.460518,1050.92,MAX_Q
73.5,3687.99,150.541,0.461925,1050.31,MAX_Q
73.6,3703.07,150.972,0.463335,1049.69,MAX_Q
73.7,3718.19,151.405,0.464748,1049.08,MAX_Q
73.8,3733.35,151.838,0.466164,1048.47,MAX_Q
73.9,3748.56,152.272,0.467583,1047.86,MAX_Q
74,3763.8,152.706,0.469006,1047.25,MAX_Q
74.1,3779.1,153.142,0.470431,1046.63,MAX_Q
74.2,3794.43,153.578,0.47186,1046.02,MAX_Q
74.3,3809.81,154.015,0.473291,1045.41,MAX_Q
74.4,3825.24,154.452,0.474726,1044.8,MAX_Q
74.5,3840.7,154.891,0.476164,1044.19,MAX_Q
74.6,3856.21,155.33,0.477605,1043.58,MAX_Q
74.7,3871.77,155.77,0.479049,1042.96,MAX_Q
74.8,3887.37,156.21,0.480496,1042.35,MAX_Q
74.9,3903.01,156.652,0.481947,1041.74,MAX_Q
75,3918.7,157.094,0.483401,1041.13,MAX_Q
75.1,3934.43,157.537,0.484858,1040.52,MAX_Q
75.2,3950.21,157.981,0.486318,1039.9,MAX_Q
75.3,3966.03,158.425,0.487781,1039.29,MAX_Q
75.4,3981.89,158.87,0.489247,1038.68,MAX_Q
75.5,3997.8,159.316,0.490717,1038.07,MAX_Q
75.6,4013.75,159.763,0.49219,1037.46,MAX_Q
75.7,4029.75,160.21,0.493666,1036.84,MAX_Q
75.8,4045.8,160.659,0.495145,1036.23,MAX_Q
75.9,4061.88,161.108,0.496628,1035.62,MAX_Q
76,4078.02,161.557,0.498113,1035.01,MAX_Q
76.1,4094.2,162.008,0.499603,1034.4,MAX_Q
76.2,4110.42,162.459,0.501095,1033.79,MAX_Q
76.3,4126.69,162.911,0.50259,1033.17,MAX_Q
76.4,4143,163.364,0.504088,1032.56,MAX_Q
76.5,4159.36,163.817,0.50559,1031.95,MAX_Q
76.6,4175.76,164.271,0.507094,1031.34,MAX_Q
76.7,4192.21,164.726,0.508601,1030.73,MAX_Q
76.8,4208.71,165.181,0.510112,1030.11,MAX_Q
76.9,4225.25,165.637,0.511625,1029.5,MAX_Q
77,4241.84,166.094,0.513142,1028.89,MAX_Q
77.1,4258.47,166.552,0.514661,1028.28,MAX_Q
77.2,4275.15,167.01,0.516184,1027.67,MAX_Q
77.3,4291.87,167.469,0.51771,1027.06,MAX_Q
77.4,4308.64,167.928,0.519239,1026.44,MAX_Q
77.5,4325.46,168.388,0.520771,1025.83,MAX_Q
77.6,4342.32,168.849,0.522306,1025.22,MAX_Q
77.7,4359.23,169.311,0.523844,1024.61,MAX_Q
77.8,4376.18,169.773,0.525385,1024,MAX_Q
77.9,4393.18,170.236,0.526929,1023.38,MAX_Q
78,4410.23,170.7,0.528477,1022.77,MAX_Q
78.1,4427.32,171.164,0.530027,1022.16,MAX_Q
78.2,4444.46,171.629,0.531581,1021.55,MAX_Q
78.3,4461.65,172.095,0.533138,1020.94,MAX_Q
78.4,4478.88,172.561,0.534698,1020.33,MAX_Q
78.5,4496.16,173.028,0.536261,1019.71,MAX_Q
78.6,4513.49,173.496,0.537827,1019.1,MAX_Q
78.7,4530.86,173.964,0.539396,1018.49,MAX_Q
78.8,4548.28,174.434,0.540969,1017.88,MAX_Q
78.9,4565.75,174.903,0.542544,1017.27,MAX_Q
79,4583.26,175.374,0.544123,1016.65,MAX_Q
79.1,4600.82,175.845,0.545705,1016.04,MAX_Q
79.2,4618.43,176.317,0.54729,1015.43,MAX_Q
79.3,4636.08,176.79,0.548878,1014.82,MAX_Q
79.4,4653.79,177.263,0.55047,1014.21,MAX_Q
79.5,4671.54,177.737,0.552065,1013.6,MAX_Q
79.6,4689.33,178.211,0.553662,1012.98,MAX_Q
79.7,4707.18,178.687,0.555264,1012.37,MAX_Q
79.8,4725.07,179.163,0.556868,1011.76,MAX_Q
79.9,4743.01,179.639,0.558475,1011.15,MAX_Q
80,4761,180.117,0.560086,1010.54,MAX_Q
80.1,4779.03,180.595,0.5617,1009.92,MAX_Q
80.2,4797.12,181.073,0.563317,1009.31,MAX_Q
80.3,4815.25,181.553,0.564938,1008.7,MAX_Q
80.4,4833.43,182.033,0.566561,1008.09,MAX_Q
80.5,4851.66,182.514,0.568188,1007.48,MAX_Q
80.6,4869.93,182.995,0.569818,1006.87,MAX_Q
80.7,4888.25,183.477,0.571452,1006.25,MAX_Q
80.8,4906.63,183.96,0.573088,1005.64,MAX_Q
80.9,4925.05,184.444,0.574728,1005.03,MAX_Q
81,4943.52,184.928,0.576371,1004.42,MAX_Q
81.1,4962.03,185.413,0.578018,1003.81,MAX_Q
81.2,4980.6,185.898,0.579668,1003.19,MAX_Q
81.3,4999.21,186.385,0.581321,1002.58,MAX_Q
81.4,5017.88,186.872,0.582977,1001.97,MAX_Q
81.5,5036.59,187.359,0.584637,1001.36,MAX_Q
81.6,5055.35,187.847,0.5863,1000.75,MAX_Q
81.7,5074.16,188.336,0.587966,1000.14,MAX_Q
81.8,5093.01,188.826,0.589636,999.523,MAX_Q
81.9,5111.92,189.316,0.591309,998.911,MAX_Q
82,5130.88,189.807,0.592985,998.3,MAX_Q
82.1,5149.88,190.299,0.594665,997.688,MAX_Q
82.2,5168.94,190.792,0.596348,997.076,MAX_Q
82.3,5188.04,191.285,0.598034,996.464,MAX_Q
82.4,5207.19,191.778,0.599724,995.852,MAX_Q
82.5,5226.4,192.273,0.601417,995.24,MAX_Q
82.6,5245.65,192.768,0.603113,994.629,MAX_Q
82.7,5264.95,193.264,0.604813,994.017,MAX_Q
82.8,5284.3,193.76,0.606516,993.405,MAX_Q
82.9,5303.7,194.257,0.608223,992.793,MAX_Q
83,5323.15,194.755,0.609933,992.181,MAX_Q
83.1,5342.65,195.254,0.611647,991.569,MAX_Q
83.2,5362.2,195.753,0.613363,990.958,MAX_Q
83.3,5381.8,196.253,0.615084,990.346,MAX_Q
83.4,5401.45,196.753,0.616807,989.734,MAX_Q
83.5,5421.16,197.255,0.618535,989.122,MAX_Q
83.6,5440.91,197.757,0.620265,988.51,MAX_Q
83.7,5460.71,198.259,0.621999,987.899,MAX_Q
83.8,5480.56,198.763,0.623737,987.287,MAX_Q
83.9,5500.46,199.266,0.625478,986.675,MAX_Q
84,5520.41,199.771,0.627222,986.063,MAX_Q
84.1,5540.41,200.276,0.62897,985.451,MAX_Q
84.2,5560.47,200.782,0.630721,984.839,MAX_Q
84.3,5580.57,201.289,0.632476,984.228,MAX_Q
84.4,5600.72,201.797,0.634235,983.616,MAX_Q
84.5,5620.93,202.305,0.635996,983.004,MAX_Q
84.6,5641.18,202.813,0.637762,982.392,MAX_Q
84.7,5661.49,203.323,0.639531,981.78,MAX_Q
84.8,5681.85,203.833,0.641303,981.168,MAX_Q
84.9,5702.26,204.344,0.643079,980.557,MAX_Q
85,5722.72,204.855,0.644859,979.945,MAX_Q
85.1,5743.23,205.367,0.646642,979.333,MAX_Q
85.2,5763.79,205.88,0.648428,978.721,MAX_Q
85.3,5784.41,206.393,0.650218,978.109,MAX_Q
85.4,5805.07,206.908,0.652012,977.497,MAX_Q
85.5,5825.79,207.422,0.65381,976.886,MAX_Q
85.6,5846.55,207.938,0.65561,976.274,MAX_Q
85.7,5867.37,208.454,0.657415,975.662,MAX_Q
85.8,5888.25,208.971,0.659223,975.05,MAX_Q
85.9,5909.17,209.489,0.661035,974.438,MAX_Q
86,5930.14,210.007,0.66285,973.826,MAX_Q
86.1,5951.17,210.526,0.664669,973.215,MAX_Q
86.2,5972.25,211.045,0.666492,972.603,MAX_Q
86.3,5993.38,211.566,0.668318,971.991,MAX_Q
86.4,6014.56,212.087,0.670148,971.379,MAX_Q
86.5,6035.8,212.608,0.671981,970.767,MAX_Q
86.6,6057.08,213.131,0.673819,970.155,MAX_Q
86.7,6078.42,213.654,0.675659,969.544,MAX_Q
86.8,6099.81,214.177,0.677504,968.932,MAX_Q
86.9,6121.26,214.702,0.679352,968.32,MAX_Q
87,6142.75,215.227,0.681204,967.708,MAX_Q
87.1,6164.3,215.752,0.68306,967.096,MAX_Q
87.2,6185.91,216.279,0.684919,966.484,MAX_Q
87.3,6207.56,216.806,0.686782,965.873,MAX_Q
87.4,6229.27,217.334,0.688649,965.261,MAX_Q
87.5,6251.03,217.862,0.69052,964.649,MAX_Q
87.6,6272.84,218.391,0.692394,964.037,MAX_Q
87.7,6294.7,218.921,0.694272,963.425,MAX_Q
87.8,6316.62,219.451,0.696154,962.813,MAX_Q
87.9,6338.59,219.982,0.69804,962.202,MAX_Q
88,6360.62,220.514,0.699929,961.59,MAX_Q
88.1,6382.7,221.047,0.701822,960.978,MAX_Q
88.2,6404.83,221.58,0.703719,960.366,MAX_Q
88.3,6427.01,222.114,0.70562,959.754,MAX_Q
88.4,6449.25,222.648,0.707525,959.143,MAX_Q
88.5,6471.54,223.184,0.709433,958.531,MAX_Q
88.6,6493.89,223.719,0.711346,957.919,MAX_Q
88.7,6516.29,224.256,0.713262,957.307,MAX_Q
88.8,6538.74,224.793,0.715182,956.695,MAX_Q
88.9,6561.25,225.331,0.717106,956.083,MAX_Q
89,6583.81,225.87,0.719033,955.472,MAX_Q
89.1,6606.42,226.409,0.720965,954.86,MAX_Q
89.2,6629.09,226.949,0.722901,954.248,MAX_Q
89.3,6651.81,227.49,0.72484,953.636,MAX_Q
89.4,6674.59,228.031,0.726783,953.024,MAX_Q
89.5,6697.42,228.573,0.728731,952.412,MAX_Q
89.6,6720.3,229.116,0.730682,951.801,MAX_Q
89.7,6743.24,229.659,0.732637,951.189,MAX_Q
89.8,6766.23,230.203,0.734596,950.577,MAX_Q
89.9,6789.28,230.748,0.736559,949.965,MAX_Q
90,6812.38,231.293,0.738526,949.353,MAX_Q
90.1,6835.54,231.839,0.740498,948.741,MAX_Q
90.2,6858.75,232.386,0.742473,948.13,MAX_Q
90.3,6882.02,232.934,0.744452,947.518,MAX_Q
90.4,6905.34,233.482,0.746435,946.906,MAX_Q
90.5,6928.71,234.031,0.748422,946.294,MAX_Q
90.6,6952.14,234.58,0.750413,945.682,MAX_Q
90.7,6975.63,235.13,0.752408,945.07,MAX_Q
90.8,6999.17,235.681,0.754407,944.459,MAX_Q
90.9,7022.76,236.233,0.756411,943.847,MAX_Q
91,7046.42,236.785,0.758418,943.235,MAX_Q
91.1,7070.12,237.338,0.76043,942.623,MAX_Q
91.2,7093.88,237.891,0.762445,942.011,MAX_Q
91.3,7117.7,238.446,0.764465,941.399,MAX_Q
91.4,7141.57,239.001,0.766489,940.788,MAX_Q
91.5,7165.5,239.556,0.768517,940.176,MAX_Q
91.6,7189.48,240.113,0.770549,939.564,MAX_Q
91.7,7213.52,240.67,0.772585,938.952,MAX_Q
91.8,7237.62,241.227,0.774625,938.34,MAX_Q
91.9,7261.77,241.786,0.77667,937.728,MAX_Q
92,7285.97,242.345,0.778719,937.117,MAX_Q
92.1,7310.24,242.905,0.780772,936.505,MAX_Q
92.2,7334.56,243.465,0.782829,935.893,MAX_Q
92.3,7358.93,244.026,0.78489,935.281,MAX_Q
92.4,7383.36,244.588,0.786956,934.669,MAX_Q
92.5,7407.85,245.151,0.789026,934.058,MAX_Q
92.6,7432.39,245.714,0.7911,933.446,MAX_Q
92.7,7456.99,246.278,0.793179,932.834,MAX_Q
92.8,7481.65,246.842,0.795261,932.222,MAX_Q
92.9,7506.36,247.407,0.797348,931.61,MAX_Q
93,7531.13,247.973,0.79944,930.998,MAX_Q
93.1,7555.95,248.54,0.801535,930.387,MAX_Q
93.2,7580.84,249.107,0.803636,929.775,MAX_Q
93.3,7605.77,249.676,0.80574,929.163,MAX_Q
93.4,7630.77,250.244,0.807849,928.551,MAX_Q
93.5,7655.82,250.814,0.809963,927.939,MAX_Q
93.6,7680.93,251.384,0.81208,927.327,MAX_Q
93.7,7706.1,251.955,0.814203,926.716,MAX_Q
93.8,7731.32,252.527,0.81633,926.104,MAX_Q
93.9,7756.61,253.099,0.818461,925.492,MAX_Q
94,7781.94,253.672,0.820597,924.88,MAX_Q
94.1,7807.34,254.246,0.822738,924.268,MAX_Q
94.2,7832.79,254.82,0.824883,923.656,MAX_Q
94.3,7858.3,255.396,0.827032,923.045,MAX_Q
94.4,7883.87,255.972,0.829187,922.433,MAX_Q
94.5,7909.5,256.548,0.831345,921.821,MAX_Q
94.6,7935.18,257.126,0.833509,921.209,MAX_Q
94.7,7960.92,257.704,0.835677,920.597,MAX_Q
94.8,7986.72,258.283,0.83785,919.985,MAX_Q
94.9,8012.58,258.862,0.840027,919.374,MAX_Q
95,8038.5,259.443,0.842209,918.762,MAX_Q
95.1,8064.47,260.024,0.844396,918.15,MAX_Q
95.2,8090.5,260.606,0.846587,917.538,MAX_Q
95.3,8116.59,261.188,0.848783,916.926,MAX_Q
95.4,8142.74,261.771,0.850984,916.314,MAX_Q
95.5,8168.94,262.355,0.85319,915.703,MAX_Q
95.6,8195.21,262.94,0.8554,915.091,MAX_Q
95.7,8221.53,263.525,0.857615,914.479,MAX_Q
95.8,8247.91,264.112,0.859835,913.867,MAX_Q
95.9,8274.36,264.699,0.86206,913.255,MAX_Q
96,8300.85,265.286,0.864289,912.643,MAX_Q
96.1,8327.41,265.875,0.866524,912.032,MAX_Q
96.2,8354.03,266.464,0.868763,911.42,MAX_Q
96.3,8380.71,267.053,0.871007,910.808,MAX_Q
96.4,8407.44,267.644,0.873256,910.196,MAX_Q
96.5,8434.23,268.235,0.87551,909.584,MAX_Q
96.6,8461.09,268.827,0.877769,908.972,MAX_Q
96.7,8488,269.42,0.880033,908.361,MAX_Q
96.8,8514.97,270.014,0.882302,907.749,MAX_Q
96.9,8542,270.608,0.884575,907.137,MAX_Q
97,8569.09,271.203,0.886854,906.525,MAX_Q
97.1,8596.24,271.799,0.889138,905.913,MAX_Q
97.2,8623.45,272.395,0.891427,905.302,MAX_Q
97.3,8650.72,272.992,0.89372,904.69,MAX_Q
97.4,8678.05,273.59,0.896019,904.078,MAX_Q
97.5,8705.44,274.189,0.898323,903.466,MAX_Q
97.6,8732.89,274.789,0.900632,902.854,MAX_Q
97.7,8760.4,275.389,0.902946,902.242,MAX_Q
97.8,8787.97,275.99,0.905266,901.631,MAX_Q
97.9,8815.6,276.592,0.90759,901.019,MAX_Q
98,8843.29,277.194,0.90992,900.407,MAX_Q
98.1,8871.03,277.797,0.912255,899.795,MAX_Q
98.2,8898.84,278.401,0.914594,899.183,MAX_Q
98.3,8926.71,279.006,0.91694,898.571,MAX_Q
98.4,8954.65,279.612,0.91929,897.96,MAX_Q
98.5,8982.64,280.218,0.921646,897.348,MAX_Q
98.6,9010.69,280.825,0.924007,896.736,MAX_Q
98.7,9038.8,281.433,0.926373,896.124,MAX_Q
98.8,9066.98,282.041,0.928745,895.512,MAX_Q
98.9,9095.21,282.65,0.931122,894.9,MAX_Q
99,9123.51,283.261,0.933504,894.289,MAX_Q
99.1,9151.86,283.871,0.935892,893.677,MAX_Q
99.2,9180.28,284.483,0.938285,893.065,MAX_Q
99.3,9208.76,285.095,0.940683,892.453,MAX_Q
99.4,9237.3,285.708,0.943087,891.841,MAX_Q
99.5,9265.9,286.322,0.945496,891.229,MAX_Q
99.6,9294.56,286.937,0.947911,890.618,MAX_Q
99.7,9323.29,287.552,0.950332,890.006,MAX_Q
99.8,9352.07,288.169,0.952758,889.394,MAX_Q
99.9,9380.92,288.786,0.955189,888.782,MAX_Q
100,9409.83,289.403,0.957626,888.17,MAX_Q
100.1,9438.8,290.022,0.960068,887.558,MAX_Q
100.2,9467.84,290.641,0.962517,886.947,MAX_Q
100.3,9496.93,291.261,0.96497,886.335,MAX_Q
100.4,9526.09,291.882,0.96743,885.723,MAX_Q
100.5,9555.31,292.504,0.969895,885.111,MAX_Q
100.6,9584.59,293.126,0.972366,884.499,MAX_Q
100.7,9613.93,293.75,0.974842,883.887,MAX_Q
100.8,9643.34,294.374,0.977324,883.276,MAX_Q
100.9,9672.81,294.998,0.979812,882.664,MAX_Q
101,9702.34,295.624,0.982306,882.052,MAX_Q
101.1,9731.93,296.25,0.984806,881.44,MAX_Q
101.2,9761.59,296.878,0.987311,880.828,MAX_Q
101.3,9791.31,297.505,0.989822,880.216,MAX_Q
101.4,9821.09,298.134,0.992339,879.605,MAX_Q
101.5,9850.94,298.764,0.994862,878.993,MAX_Q
101.6,9880.84,299.394,0.997391,878.381,MAX_Q
101.7,9910.81,300.025,0.999926,877.769,MAX_Q
101.8,9940.85,300.658,1.00247,877.157,MAX_Q
101.9,9970.95,301.291,1.00502,876.546,MAX_Q
102,10001.1,301.926,1.00757,875.934,MAX_Q
102.1,10031.3,302.562,1.01014,875.322,MAX_Q
102.2,10061.6,303.199,1.01271,874.71,MAX_Q
102.3,10092,303.838,1.01529,874.098,MAX_Q
102.4,10122.4,304.478,1.01788,873.486,MAX_Q
102.5,10152.9,305.119,1.02047,872.875,MAX_Q
102.6,10183.4,305.761,1.02308,872.263,MAX_Q
102.7,10214,306.405,1.02569,871.651,MAX_Q
102.8,10244.7,307.05,1.0283,871.039,MAX_Q
102.9,10275.4,307.696,1.03093,870.427,MAX_Q
103,10306.2,308.344,1.03357,869.815,MAX_Q
103.1,10337.1,308.993,1.03621,869.204,MAX_Q
103.2,10368,309.643,1.03886,868.592,MAX_Q
103.3,10399,310.295,1.04152,867.98,MAX_Q
103.4,10430.1,310.948,1.04418,867.368,MAX_Q
103.5,10461.2,311.602,1.04686,866.756,MAX_Q
103.6,10492.4,312.258,1.04954,866.144,MAX_Q
103.7,10523.7,312.915,1.05223,865.533,MAX_Q
103.8,10555,313.573,1.05493,864.921,MAX_Q
103.9,10586.4,314.232,1.05764,864.309,MAX_Q
104,10617.8,314.893,1.06035,863.697,MAX_Q
104.1,10649.4,315.556,1.06308,863.085,MAX_Q
104.2,10680.9,316.219,1.06581,862.473,MAX_Q
104.3,10712.6,316.884,1.06855,861.862,MAX_Q
104.4,10744.3,317.551,1.0713,861.25,MAX_Q
104.5,10776.1,318.219,1.07406,860.638,MAX_Q
104.6,10808,318.888,1.07682,860.026,MAX_Q
104.7,10839.9,319.558,1.0796,859.414,MAX_Q
104.8,10871.9,320.23,1.08238,858.802,MAX_Q
104.9,10903.9,320.903,1.08517,858.191,MAX_Q
105,10936.1,321.578,1.08797,857.579,MAX_Q
105.1,10968.3,322.254,1.09078,856.967,MAX_Q
105.2,11000.5,322.931,1.0936,856.355,MAX_Q
105.3,11032.8,323.61,1.09643,855.743,MAX_Q
105.4,11065.2,324.29,1.09904,855.131,MAX_Q
105.5,11097.7,324.972,1.10135,854.52,MAX_Q
105.6,11130.2,325.655,1.10366,853.908,MAX_Q
105.7,11162.8,326.34,1.10598,853.296,MAX_Q
105.8,11195.5,327.026,1.10831,852.684,MAX_Q
105.9,11228.2,327.713,1.11064,852.072,MAX_Q
106,11261,328.402,1.11297,851.46,MAX_Q
106.1,11293.9,329.093,1.11531,850.849,MAX_Q
106.2,11326.9,329.785,1.11766,850.237,MAX_Q
106.3,11359.9,330.478,1.12001,849.625,MAX_Q
106.4,11393,331.173,1.12236,849.013,MAX_Q
106.5,11426.1,331.869,1.12472,848.401,MAX_Q
106.6,11459.3,332.567,1.12709,847.79,MAX_Q
106.7,11492.6,333.266,1.12946,847.178,MAX_Q
106.8,11526,333.967,1.13183,846.566,MAX_Q
106.9,11559.4,334.669,1.13421,845.954,MAX_Q
107,11592.9,335.373,1.1366,845.342,MAX_Q
107.1,11626.5,336.079,1.13899,844.73,MAX_Q
107.2,11660.1,336.785,1.14138,844.119,MAX_Q
107.3,11693.8,337.494,1.14378,843.507,MAX_Q
107.4,11727.6,338.204,1.14619,842.895,MAX_Q
107.5,11761.5,338.915,1.1486,842.283,MAX_Q
107.6,11795.4,339.628,1.15101,841.671,MAX_Q
107.7,11829.4,340.342,1.15344,841.059,MAX_Q
107.8,11863.5,341.058,1.15586,840.448,MAX_Q
107.9,11897.6,341.775,1.15829,839.836,MAX_Q
108,11931.8,342.494,1.16073,839.224,MAX_Q
108.1,11966.1,343.215,1.16317,838.612,MAX_Q
108.2,12000.5,343.937,1.16562,838,MAX_Q
108.3,12034.9,344.66,1.16807,837.388,MAX_Q
108.4,12069.4,345.385,1.17053,836.777,MAX_Q
108.5,12104,346.112,1.17299,836.165,MAX_Q
108.6,12138.6,346.84,1.17546,835.553,MAX_Q
108.7,12173.4,347.57,1.17793,834.941,MAX_Q
108.8,12208.1,348.301,1.18041,834.329,MAX_Q
108.9,12243,349.034,1.18289,833.717,MAX_Q
109,12278,349.768,1.18538,833.106,MAX_Q
109.1,12313,350.504,1.18788,832.494,MAX_Q
109.2,12348.1,351.242,1.19038,831.882,MAX_Q
109.3,12383.2,351.981,1.19288,831.27,MAX_Q
109.4,12418.5,352.722,1.19539,830.658,MAX_Q
109.5,12453.8,353.464,1.19791,830.046,MAX_Q
109.6,12489.1,354.208,1.20043,829.435,MAX_Q
109.7,12524.6,354.953,1.20295,828.823,MAX_Q
109.8,12560.1,355.7,1.20548,828.211,MAX_Q
109.9,12595.7,356.448,1.20802,827.599,MAX_Q
110,12631.4,357.198,1.21056,826.987,MAX_Q
110.1,12667.2,357.95,1.21311,826.375,MAX_Q
110.2,12703,358.703,1.21566,825.764,MAX_Q
110.3,12738.9,359.457,1.21822,825.152,MAX_Q
110.4,12774.9,360.213,1.22078,824.54,MAX_Q
110.5,12811,360.971,1.22335,823.928,MAX_Q
110.6,12847.1,361.73,1.22592,823.316,MAX_Q
110.7,12883.3,362.491,1.2285,822.704,MAX_Q
110.8,12919.6,363.254,1.23108,822.093,MAX_Q
110.9,12956,364.018,1.23367,821.481,MAX_Q
111,12992.4,364.783,1.23627,820.869,MAX_Q
111.1,13028.9,365.55,1.23887,820.257,MAX_Q
111.2,13065.5,366.319,1.24147,819.645,MAX_Q
111.3,13102.2,367.089,1.24408,819.034,MAX_Q
111.4,13138.9,367.861,1.2467,818.422,MAX_Q
111.5,13175.8,368.634,1.24932,817.81,MAX_Q
111.6,13212.7,369.409,1.25195,817.198,MAX_Q
111.7,13249.6,370.186,1.25458,816.586,MAX_Q
111.8,13286.7,370.964,1.25722,815.974,MAX_Q
111.9,13323.8,371.744,1.25986,815.363,MAX_Q
112,13361,372.525,1.26251,814.751,MAX_Q
112.1,13398.3,373.309,1.26516,814.139,MAX_Q
112.2,13435.7,374.093,1.26782,813.527,MAX_Q
112.3,13473.2,374.879,1.27048,812.915,MAX_Q
112.4,13510.7,375.667,1.27315,812.303,MAX_Q
112.5,13548.3,376.457,1.27583,811.692,MAX_Q
112.6,13586,377.248,1.27851,811.08,MAX_Q
112.7,13623.7,378.04,1.2812,810.468,MAX_Q
112.8,13661.6,378.835,1.28389,809.856,MAX_Q
112.9,13699.5,379.631,1.28659,809.244,MAX_Q
113,13737.5,380.428,1.28929,808.632,MAX_Q
113.1,13775.6,381.228,1.292,808.021,MAX_Q
113.2,13813.8,382.028,1.29471,807.409,MAX_Q
113.3,13852,382.831,1.29743,806.797,MAX_Q
113.4,13890.3,383.635,1.30016,806.185,MAX_Q
113.5,13928.7,384.441,1.30289,805.573,MAX_Q
113.6,13967.2,385.248,1.30563,804.961,MAX_Q
113.7,14005.8,386.057,1.30837,804.35,MAX_Q
113.8,14044.4,386.868,1.31112,803.738,MAX_Q
113.9,14083.1,387.681,1.31387,803.126,MAX_Q
114,14122,388.495,1.31663,802.514,MAX_Q
114.1,14160.8,389.31,1.31939,801.902,MAX_Q
114.2,14199.8,390.128,1.32216,801.29,MAX_Q
114.3,14238.9,390.947,1.32494,800.679,MAX_Q
114.4,14278,391.768,1.32772,800.067,MAX_Q
114.5,14317.2,392.59,1.33051,799.455,MAX_Q
114.6,14356.5,393.414,1.3333,798.843,MAX_Q
114.7,14395.9,394.24,1.3361,798.231,MAX_Q
114.8,14435.4,395.067,1.3389,797.619,MAX_Q
114.9,14474.9,395.896,1.34171,797.008,MAX_Q
115,14514.6,396.727,1.34453,796.396,MAX_Q
115.1,14554.3,397.56,1.34735,795.784,MAX_Q
115.2,14594.1,398.394,1.35018,795.172,MAX_Q
115.3,14633.9,399.23,1.35301,794.56,MAX_Q
115.4,14673.9,400.068,1.35585,793.948,MAX_Q
115.5,14714,400.907,1.35869,793.337,MAX_Q
115.6,14754.1,401.748,1.36154,792.725,MAX_Q
115.7,14794.3,402.591,1.3644,792.113,MAX_Q
115.8,14834.6,403.435,1.36726,791.501,MAX_Q
115.9,14875,404.281,1.37013,790.889,MAX_Q
116,14915.5,405.129,1.373,790.278,MAX_Q
116.1,14956,405.979,1.37588,789.666,MAX_Q
116.2,14996.7,406.83,1.37877,789.054,MAX_Q
116.3,15037.4,407.683,1.38166,788.442,MAX_Q
116.4,15078.2,408.538,1.38456,787.83,MAX_Q
116.5,15119.1,409.395,1.38746,787.218,MAX_Q
116.6,15160.1,410.253,1.39037,786.607,MAX_Q
116.7,15201.1,411.113,1.39328,785.995,MAX_Q
116.8,15242.3,411.975,1.3962,785.383,MAX_Q
116.9,15283.5,412.838,1.39913,784.771,MAX_Q
117,15324.9,413.704,1.40206,784.159,MAX_Q
117.1,15366.3,414.571,1.405,783.547,MAX_Q
117.2,15407.8,415.439,1.40794,782.936,MAX_Q
117.3,15449.4,416.31,1.41089,782.324,MAX_Q
117.4,15491,417.182,1.41385,781.712,MAX_Q
117.5,15532.8,418.056,1.41681,781.1,MAX_Q
117.6,15574.7,418.932,1.41978,780.488,MAX_Q
117.7,15616.6,419.81,1.42276,779.876,MAX_Q
117.8,15658.6,420.689,1.42574,779.265,MAX_Q
117.9,15700.7,421.57,1.42872,778.653,MAX_Q
118,15742.9,422.453,1.43171,778.041,MAX_Q
118.1,15785.2,423.338,1.43471,777.429,MAX_Q
118.2,15827.6,424.224,1.43772,776.817,MAX_Q
118.3,15870.1,425.112,1.44073,776.205,MAX_Q
118.4,15912.6,426.002,1.44374,775.594,MAX_Q
118.5,15955.3,426.894,1.44677,774.982,MAX_Q
118.6,15998,427.788,1.44979,774.37,MAX_Q
118.7,16040.8,428.683,1.45283,773.758,MAX_Q
118.8,16083.7,429.58,1.45587,773.146,MAX_Q
118.9,16126.7,430.479,1.45892,772.534,MAX_Q
119,16169.8,431.38,1.46197,771.923,MAX_Q
119.1,16213,432.283,1.46503,771.311,MAX_Q
119.2,16256.3,433.187,1.46809,770.699,MAX_Q
119.3,16299.7,434.094,1.47116,770.087,MAX_Q
119.4,16343.1,435.002,1.47424,769.475,MAX_Q
119.5,16386.7,435.912,1.47733,768.863,MAX_Q
119.6,16430.3,436.823,1.48042,768.252,MAX_Q
119.7,16474,437.737,1.48351,767.64,MAX_Q
119.8,16517.8,438.652,1.48661,767.028,MAX_Q
119.9,16561.8,439.57,1.48972,766.416,MAX_Q
120,16605.8,440.489,1.49284,765.804,MAX_Q
120.1,16649.8,441.409,1.49596,765.192,MAX_Q
120.2,16694,442.332,1.49909,764.581,MAX_Q
120.3,16738.3,443.257,1.50222,763.969,MAX_Q
120.4,16782.7,444.183,1.50536,763.357,MAX_Q
120.5,16827.2,445.111,1.5085,762.745,MAX_Q
120.6,16871.7,446.041,1.51165,762.133,MAX_Q
120.7,16916.4,446.972,1.51481,761.522,MAX_Q
120.8,16961.1,447.906,1.51797,760.91,MAX_Q
120.9,17005.9,448.841,1.52114,760.298,MAX_Q
121,17050.9,449.778,1.52432,759.686,MAX_Q
121.1,17095.9,450.716,1.5275,759.074,MAX_Q
121.2,17141,451.656,1.53069,758.462,MAX_Q
121.3,17186.2,452.599,1.53388,757.851,MAX_Q
121.4,17231.5,453.543,1.53708,757.239,MAX_Q
121.5,17276.9,454.488,1.54028,756.627,MAX_Q
121.6,17322.4,455.436,1.54349,756.015,MAX_Q
121.7,17368,456.385,1.54671,755.403,MAX_Q
121.8,17413.7,457.336,1.54993,754.791,MAX_Q
121.9,17459.5,458.289,1.55316,754.18,MAX_Q
122,17505.4,459.243,1.5564,753.568,MAX_Q
122.1,17551.3,460.2,1.55964,752.956,MAX_Q
122.2,17597.4,461.158,1.56289,752.344,MAX_Q
122.3,17643.6,462.118,1.56614,751.732,MAX_Q
122.4,17689.8,463.08,1.5694,751.12,MAX_Q
122.5,17736.2,464.044,1.57267,750.509,MAX_Q
122.6,17782.6,465.009,1.57594,749.897,MAX_Q
122.7,17829.2,465.976,1.57922,749.285,MAX_Q
122.8,17875.8,466.945,1.5825,748.673,MAX_Q
122.9,17922.6,467.916,1.58579,748.061,MAX_Q
123,17969.4,468.889,1.58909,747.449,MAX_Q
123.1,18016.4,469.864,1.59239,746.838,MAX_Q
123.2,18063.4,470.84,1.5957,746.226,MAX_Q
123.3,18110.5,471.818,1.59901,745.614,MAX_Q
123.4,18157.8,472.798,1.60234,745.002,MAX_Q
123.5,18205.1,473.78,1.60566,744.39,MAX_Q
123.6,18252.5,474.764,1.609,743.778,MAX_Q
123.7,18300,475.749,1.61234,743.167,MAX_Q
123.8,18347.7,476.737,1.61568,742.555,MAX_Q
123.9,18395.4,477.726,1.61904,741.943,MAX_Q
124,18443.2,478.717,1.6224,741.331,MAX_Q
124.1,18491.1,479.71,1.62576,740.719,MAX_Q
124.2,18539.1,480.705,1.62913,740.107,MAX_Q
124.3,18587.3,481.702,1.63251,739.496,MAX_Q
124.4,18635.5,482.7,1.6359,738.884,MAX_Q
124.5,18683.8,483.701,1.63929,738.272,MAX_Q
124.6,18732.2,484.703,1.64268,737.66,MAX_Q
124.7,18780.7,485.707,1.64609,737.048,MAX_Q
124.8,18829.4,486.713,1.6495,736.436,MAX_Q
124.9,18878.1,487.721,1.65291,735.825,MAX_Q
125,18926.9,488.731,1.65633,735.213,MAX_Q
125.1,18975.8,489.743,1.65976,734.601,MAX_Q
125.2,19024.9,490.756,1.6632,733.989,MAX_Q
125.3,19074,491.772,1.66664,733.377,MAX_Q
125.4,19123.2,492.789,1.67009,732.766,MAX_Q
125.5,19172.5,493.809,1.67354,732.154,MAX_Q
125.6,19222,494.83,1.677,731.542,MAX_Q
125.7,19271.5,495.853,1.68047,730.93,MAX_Q
125.8,19321.2,496.878,1.68394,730.318,MAX_Q
125.9,19370.9,497.905,1.68742,729.706,MAX_Q
126,19420.7,498.934,1.69091,729.095,MAX_Q
126.1,19470.7,499.965,1.6944,728.483,MAX_Q
126.2,19520.7,500.997,1.6979,727.871,MAX_Q
126.3,19570.9,502.032,1.70141,727.259,MAX_Q
126.4,19621.1,503.068,1.70492,726.647,MAX_Q
126.5,19671.5,504.107,1.70844,726.035,MAX_Q
126.6,19722,505.147,1.71197,725.424,MAX_Q
126.7,19772.5,506.19,1.7155,724.812,MAX_Q
126.8,19823.2,507.234,1.71904,724.2,MAX_Q
126.9,19874,508.28,1.72259,723.588,MAX_Q
127,19924.8,509.328,1.72614,722.976,MAX_Q
127.1,19975.8,510.379,1.7297,722.364,MAX_Q
127.2,20026.9,511.431,1.73326,721.753,MAX_Q
127.3,20078.1,512.485,1.73684,721.141,MAX_Q
127.4,20129.4,513.541,1.74035,720.529,MAX_Q
127.5,20180.8,514.599,1.74373,719.917,MAX_Q
127.6,20232.3,515.658,1.74712,719.305,MAX_Q
127.7,20284,516.72,1.75051,718.693,MAX_Q
127.8,20335.7,517.784,1.75391,718.082,MAX_Q
127.9,20387.5,518.85,1.75731,717.47,MAX_Q
128,20439.5,519.918,1.76072,716.858,MAX_Q
128.1,20491.5,520.988,1.76413,716.246,MAX_Q
128.2,20543.7,522.06,1.76755,715.634,MAX_Q
128.3,20595.9,523.133,1.77097,715.022,MAX_Q
128.4,20648.3,524.209,1.7744,714.411,MAX_Q
128.5,20700.8,525.287,1.77784,713.799,MAX_Q
128.6,20753.3,526.367,1.78128,713.187,MAX_Q
128.7,20806,527.449,1.78473,712.575,MAX_Q
128.8,20858.8,528.532,1.78818,711.963,MAX_Q
128.9,20911.7,529.618,1.79164,711.351,MAX_Q
129,20964.7,530.706,1.7951,710.74,MAX_Q
129.1,21017.9,531.796,1.79857,710.128,MAX_Q
129.2,21071.1,532.888,1.80204,709.516,MAX_Q
129.3,21124.5,533.982,1.80552,708.904,MAX_Q
129.4,21177.9,535.077,1.80901,708.292,MAX_Q
129.5,21231.5,536.175,1.8125,707.681,MAX_Q
129.6,21285.1,537.275,1.81599,707.069,MAX_Q
129.7,21338.9,538.377,1.8195,706.457,MAX_Q
129.8,21392.8,539.481,1.823,705.845,MAX_Q
129.9,21446.8,540.587,1.82652,705.233,MAX_Q
130,21500.9,541.695,1.83003,704.621,MAX_Q
130.1,21555.2,542.806,1.83356,704.01,MAX_Q
130.2,21609.5,543.918,1.83709,703.398,MAX_Q
130.3,21663.9,545.032,1.84063,702.786,MAX_Q
130.4,21718.5,546.148,1.84417,702.174,MAX_Q
130.5,21773.2,547.267,1.84771,701.562,MAX_Q
130.6,21828,548.387,1.85127,700.95,MAX_Q
130.7,21882.8,549.51,1.85482,700.339,MAX_Q
130.8,21937.9,550.634,1.85839,699.727,MAX_Q
130.9,21993,551.761,1.86196,699.115,MAX_Q
131,22048.2,552.889,1.86553,698.503,MAX_Q
131.1,22103.6,554.02,1.86911,697.891,MAX_Q
131.2,22159,555.153,1.8727,697.279,MAX_Q
131.3,22214.6,556.288,1.87629,696.668,MAX_Q
131.4,22270.3,557.425,1.87989,696.056,MAX_Q
131.5,22326.1,558.564,1.88349,695.444,MAX_Q
131.6,22382,559.705,1.8871,694.832,MAX_Q
131.7,22438,560.848,1.89072,694.22,MAX_Q
131.8,22494.2,561.994,1.89434,693.608,MAX_Q
131.9,22550.4,563.141,1.89796,692.997,MAX_Q
132,22606.8,564.291,1.9016,692.385,MAX_Q
132.1,22663.3,565.442,1.90523,691.773,MAX_Q
132.2,22719.9,566.596,1.90888,691.161,MAX_Q
132.3,22776.6,567.752,1.91253,690.549,MAX_Q
132.4,22833.4,568.91,1.91618,689.937,MAX_Q
132.5,22890.4,570.07,1.91984,689.326,MAX_Q
132.6,22947.4,571.233,1.92351,688.714,MAX_Q
132.7,23004.6,572.397,1.92718,688.102,MAX_Q
132.8,23061.9,573.563,1.93086,687.49,MAX_Q
132.9,23119.3,574.732,1.93454,686.878,MAX_Q
133,23176.9,575.903,1.93823,686.266,MAX_Q
133.1,23234.5,577.076,1.94193,685.655,MAX_Q
133.2,23292.3,578.251,1.94563,685.043,MAX_Q
133.3,23350.2,579.428,1.94933,684.431,MAX_Q
133.4,23408.2,580.607,1.95304,683.819,MAX_Q
133.5,23466.3,581.789,1.95676,683.207,MAX_Q
133.6,23524.5,582.972,1.96049,682.595,MAX_Q
133.7,23582.9,584.158,1.96422,681.984,MAX_Q
133.8,23641.4,585.346,1.96795,681.372,MAX_Q
133.9,23699.9,586.536,1.97169,680.76,MAX_Q
134,23758.7,587.728,1.97544,680.148,MAX_Q
134.1,23817.5,588.923,1.97919,679.536,MAX_Q
134.2,23876.4,590.119,1.98295,678.925,MAX_Q
134.3,23935.5,591.318,1.98672,678.313,MAX_Q
134.4,23994.7,592.519,1.99049,677.701,MAX_Q
134.5,24054,593.722,1.99426,677.089,MAX_Q
134.6,24113.5,594.927,1.99804,676.477,MAX_Q
134.7,24173,596.135,2.00183,675.865,MAX_Q
134.8,24232.7,597.344,2.00562,675.254,MAX_Q
134.9,24292.5,598.556,2.00942,674.642,MAX_Q
135,24352.4,599.77,2.01323,674.03,MAX_Q
135.1,24412.4,600.986,2.01704,673.418,MAX_Q
135.2,24472.6,602.205,2.02086,672.806,MAX_Q
135.3,24532.9,603.425,2.02468,672.194,MAX_Q
135.4,24593.3,604.648,2.02851,671.583,MAX_Q
135.5,24653.8,605.873,2.03234,670.971,MAX_Q
135.6,24714.4,607.1,2.03618,670.359,MAX_Q
135.7,24775.2,608.329,2.04003,669.747,MAX_Q
135.8,24836.1,609.561,2.04388,669.135,MAX_Q
135.9,24897.1,610.794,2.04773,668.523,MAX_Q
136,24958.3,612.03,2.0516,667.912,MAX_Q
136.1,25019.5,613.268,2.05547,667.3,MAX_Q
136.2,25080.9,614.509,2.05934,666.688,MAX_Q
136.3,25142.4,615.751,2.06322,666.076,MAX_Q
136.4,25204.1,616.996,2.06711,665.464,MAX_Q
136.5,25265.8,618.243,2.071,664.852,MAX_Q
136.6,25327.7,619.492,2.0749,664.241,MAX_Q
136.7,25389.7,620.744,2.0788,663.629,MAX_Q
136.8,25451.9,621.997,2.08271,663.017,MAX_Q
136.9,25514.1,623.253,2.08663,662.405,MAX_Q
137,25576.5,624.512,2.09055,661.793,MAX_Q
137.1,25639,625.772,2.09448,661.181,MAX_Q
137.2,25701.7,627.035,2.09841,660.57,MAX_Q
137.3,25764.4,628.3,2.10235,659.958,MAX_Q
137.4,25827.3,629.567,2.10629,659.346,MAX_Q
137.5,25890.4,630.836,2.11024,658.734,MAX_Q
137.6,25953.5,632.108,2.1142,658.122,MAX_Q
137.7,26016.8,633.382,2.11816,657.51,MAX_Q
137.8,26080.2,634.658,2.12213,656.899,MAX_Q
137.9,26143.7,635.937,2.12611,656.287,MAX_Q
138,26207.4,637.217,2.13009,655.675,MAX_Q
138.1,26271.2,638.5,2.13407,655.063,MAX_Q
138.2,26335.1,639.786,2.13807,654.451,MAX_Q
138.3,26399.1,641.073,2.14207,653.839,MAX_Q
138.4,26463.3,642.363,2.14607,653.228,MAX_Q
138.5,26527.6,643.656,2.15008,652.616,MAX_Q
138.6,26592,644.95,2.1541,652.004,MAX_Q
138.7,26656.6,646.247,2.15812,651.392,MAX_Q
138.8,26721.3,647.546,2.16215,650.78,MAX_Q
138.9,26786.1,648.848,2.16618,650.169,MAX_Q
139,26851,650.151,2.17022,649.557,MAX_Q
139.1,26916.1,651.457,2.17427,648.945,MAX_Q
139.2,26981.3,652.766,2.17832,648.333,MAX_Q
139.3,27046.7,654.077,2.18238,647.721,MAX_Q
139.4,27112.1,655.39,2.18644,647.109,MAX_Q
139.5,27177.7,656.705,2.19051,646.498,MAX_Q
139.6,27243.5,658.023,2.19459,645.886,MAX_Q
139.7,27309.4,659.343,2.19867,645.274,MAX_Q
139.8,27375.4,660.665,2.20276,644.662,MAX_Q
139.9,27441.5,661.99,2.20685,644.05,MAX_Q
140,27507.7,663.317,2.21095,643.438,MAX_Q
140.1,27574.1,664.647,2.21506,642.827,MAX_Q
140.2,27640.7,665.978,2.21917,642.215,MAX_Q
140.3,27707.3,667.313,2.22329,641.603,MAX_Q
140.4,27774.1,668.649,2.22742,640.991,MAX_Q
140.5,27841.1,669.988,2.23155,640.379,MAX_Q
140.6,27908.1,671.329,2.23568,639.767,MAX_Q
140.7,27975.3,672.673,2.23983,639.156,MAX_Q
140.8,28042.7,674.019,2.24398,638.544,MAX_Q
140.9,28110.1,675.367,2.24813,637.932,MAX_Q
141,28177.7,676.718,2.25229,637.32,MAX_Q
141.1,28245.5,678.071,2.25646,636.708,MAX_Q
141.2,28313.4,679.427,2.26063,636.096,MAX_Q
141.3,28381.4,680.785,2.26481,635.485,MAX_Q
141.4,28449.5,682.146,2.269,634.873,MAX_Q
141.5,28517.8,683.508,2.27319,634.261,MAX_Q
141.6,28586.2,684.874,2.27739,633.649,MAX_Q
141.7,28654.8,686.241,2.28159,633.037,MAX_Q
141.8,28723.5,687.611,2.2858,632.425,MAX_Q
141.9,28792.3,688.984,2.29002,631.814,MAX_Q
142,28861.3,690.359,2.29424,631.202,MAX_Q
142.1,28930.4,691.736,2.29847,630.59,MAX_Q
142.2,28999.6,693.116,2.30271,629.978,MAX_Q
142.3,29069,694.498,2.30695,629.366,MAX_Q
142.4,29138.5,695.883,2.31119,628.754,MAX_Q
142.5,29208.2,697.27,2.31545,628.143,MAX_Q
142.6,29278,698.66,2.31971,627.531,MAX_Q
142.7,29347.9,700.052,2.32397,626.919,MAX_Q
142.8,29418,701.446,2.32825,626.307,MAX_Q
142.9,29488.2,702.843,2.33252,625.695,MAX_Q
143,29558.5,704.243,2.33681,625.083,MAX_Q
143.1,29629,705.645,2.3411,624.472,MAX_Q
143.2,29699.7,707.049,2.3454,623.86,MAX_Q
143.3,29770.4,708.456,2.3497,623.248,MAX_Q
143.4,29841.4,709.865,2.35401,622.636,MAX_Q
143.5,29912.4,711.277,2.35833,622.024,MAX_Q
143.6,29983.6,712.692,2.36265,621.413,MAX_Q
143.7,30055,714.108,2.36698,620.801,MAX_Q
143.8,30126.4,715.528,2.37131,620.189,MAX_Q
143.9,30198.1,716.95,2.37565,619.577,MAX_Q
144,30269.8,718.374,2.38,618.965,MAX_Q
144.1,30341.7,719.801,2.38435,618.353,MAX_Q
144.2,30413.8,721.23,2.38871,617.742,MAX_Q
144.3,30486,722.662,2.39308,617.13,MAX_Q
144.4,30558.3,724.097,2.39745,616.518,MAX_Q
144.5,30630.8,725.534,2.40183,615.906,MAX_Q
144.6,30703.4,726.973,2.40621,615.294,MAX_Q
144.7,30776.2,728.415,2.41061,614.682,MAX_Q
144.8,30849.1,729.86,2.415,614.071,MAX_Q
144.9,30922.2,731.307,2.41941,613.459,MAX_Q
145,30995.4,732.757,2.42382,612.847,MAX_Q
145.1,31068.7,734.209,2.42824,612.235,MAX_Q
145.2,31142.2,735.664,2.43266,611.623,MAX_Q
145.3,31215.9,737.121,2.43709,611.011,MAX_Q
145.4,31289.6,738.581,2.44152,610.4,MAX_Q
145.5,31363.6,740.044,2.44597,609.788,MAX_Q
145.6,31437.7,741.509,2.45042,609.176,MAX_Q
145.7,31511.9,742.977,2.45487,608.564,MAX_Q
145.8,31586.2,744.447,2.45933,607.952,MAX_Q
145.9,31660.8,745.92,2.4638,607.34,MAX_Q
146,31735.4,747.395,2.46827,606.729,MAX_Q
146.1,31810.2,748.874,2.47276,606.117,MAX_Q
146.2,31885.2,750.354,2.47724,605.505,MAX_Q
146.3,31960.3,751.838,2.48174,604.893,MAX_Q
146.4,32035.6,753.324,2.48624,604.281,MAX_Q
146.5,32111,754.812,2.49074,603.669,MAX_Q
146.6,32186.5,756.303,2.49526,603.058,MAX_Q
146.7,32262.2,757.797,2.49953,602.446,MAX_Q
146.8,32338.1,759.294,2.50332,601.834,MAX_Q
146.9,32414.1,760.793,2.50711,601.222,MAX_Q
147,32490.3,762.294,2.51091,600.61,MAX_Q
147.1,32566.6,763.799,2.51471,599.998,MAX_Q
147.2,32643,765.306,2.51851,599.387,MAX_Q
147.3,32719.6,766.816,2.52231,598.775,MAX_Q
147.4,32796.4,768.328,2.52612,598.163,MAX_Q
147.5,32873.3,769.843,2.52993,597.551,MAX_Q
147.6,32950.3,771.361,2.53375,596.939,MAX_Q
147.7,33027.6,772.881,2.53757,596.327,MAX_Q
147.8,33104.9,774.404,2.54139,595.716,MAX_Q
147.9,33182.4,775.93,2.54522,595.104,MAX_Q
148,33260.1,777.459,2.54905,594.492,MAX_Q
148.1,33337.9,778.99,2.55288,593.88,MAX_Q
148.2,33415.9,780.524,2.55672,593.268,MAX_Q
148.3,33494,782.061,2.56056,592.657,MAX_Q
148.4,33572.3,783.6,2.56441,592.045,MAX_Q
148.5,33650.8,785.142,2.56825,591.433,MAX_Q
148.6,33729.3,786.687,2.57211,590.821,MAX_Q
148.7,33808.1,788.234,2.57596,590.209,MAX_Q
148.8,33887,789.784,2.57982,589.597,MAX_Q
148.9,33966.1,791.337,2.58368,588.986,MAX_Q
149,34045.3,792.893,2.58755,588.374,MAX_Q
149.1,34124.6,794.452,2.59142,587.762,MAX_Q
149.2,34204.2,796.013,2.59529,587.15,MAX_Q
149.3,34283.8,797.577,2.59917,586.538,MAX_Q
149.4,34363.7,799.144,2.60305,585.926,MAX_Q
149.5,34443.7,800.713,2.60693,585.315,MAX_Q
149.6,34523.8,802.285,2.61082,584.703,MAX_Q
149.7,34604.1,803.86,2.61471,584.091,MAX_Q
149.8,34684.6,805.438,2.6186,583.479,MAX_Q
149.9,34765.2,807.019,2.6225,582.867,MAX_Q
150,34846,808.602,2.6264,582.255,MAX_Q
150.1,34926.9,810.188,2.63031,581.644,MAX_Q
150.2,35008,811.777,2.63421,581.032,MAX_Q
150.3,35089.3,813.369,2.63813,580.42,MAX_Q
150.4,35170.7,814.964,2.64204,579.808,MAX_Q
150.5,35252.3,816.561,2.64596,579.196,MAX_Q
150.6,35334,818.162,2.64988,578.584,MAX_Q
150.7,35415.9,819.765,2.65381,577.973,MAX_Q
150.8,35498,821.371,2.65774,577.361,MAX_Q
150.9,35580.2,822.979,2.66167,576.749,MAX_Q
151,35662.6,824.591,2.66561,576.137,MAX_Q
151.1,35745.1,826.206,2.66955,575.525,MAX_Q
151.2,35827.8,827.823,2.6735,574.913,MAX_Q
151.3,35910.7,829.443,2.67744,574.302,MAX_Q
151.4,35993.7,831.066,2.6814,573.69,MAX_Q
151.5,36076.9,832.692,2.68535,573.078,MAX_Q
151.6,36160.2,834.321,2.68931,572.466,MAX_Q
151.7,36243.7,835.953,2.69327,571.854,MAX_Q
151.8,36327.4,837.587,2.69724,571.242,MAX_Q
151.9,36411.3,839.225,2.70121,570.631,MAX_Q
152,36495.3,840.865,2.70518,570.019,MAX_Q
152.1,36579.4,842.508,2.70916,569.407,MAX_Q
152.2,36663.8,844.154,2.71314,568.795,MAX_Q
152.3,36748.3,845.803,2.71712,568.183,MAX_Q
152.4,36832.9,847.455,2.72111,567.571,MAX_Q
152.5,36917.8,849.11,2.7251,566.96,MAX_Q
152.6,37002.7,850.768,2.72909,566.348,MAX_Q
152.7,37087.9,852.429,2.73309,565.736,MAX_Q
152.8,37173.2,854.093,2.7371,565.124,MAX_Q
152.9,37258.7,855.759,2.7411,564.512,MAX_Q
153,37344.4,857.429,2.74511,563.901,MAX_Q
153.1,37430.2,859.102,2.74912,563.289,MAX_Q
153.2,37516.2,860.777,2.75314,562.677,MAX_Q
153.3,37602.4,862.456,2.75716,562.065,MAX_Q
153.4,37688.7,864.137,2.76118,561.453,MAX_Q
153.5,37775.2,865.822,2.76521,560.841,MAX_Q
153.6,37861.9,867.509,2.76924,560.23,MAX_Q
153.7,37948.7,869.2,2.77328,559.618,MAX_Q
153.8,38035.7,870.893,2.77732,559.006,MAX_Q
153.9,38122.9,872.59,2.78136,558.394,MAX_Q
154,38210.2,874.289,2.7854,557.782,MAX_Q
154.1,38297.7,875.992,2.78945,557.17,MAX_Q
154.2,38385.4,877.697,2.79351,556.559,MAX_Q
154.3,38473.3,879.406,2.79756,555.947,MAX_Q
154.4,38561.3,881.117,2.80162,555.335,MAX_Q
154.5,38649.5,882.832,2.80569,554.723,MAX_Q
154.6,38737.9,884.55,2.80976,554.111,MAX_Q
154.7,38826.4,886.27,2.81383,553.499,MAX_Q
154.8,38915.1,887.994,2.8179,552.888,MAX_Q
154.9,39004,889.721,2.82198,552.276,MAX_Q
155,39093.1,891.451,2.82607,551.664,MAX_Q
155.1,39182.3,893.184,2.83015,551.052,MAX_Q
155.2,39271.7,894.92,2.83424,550.44,MAX_Q
155.3,39361.3,896.659,2.83834,549.828,MAX_Q
155.4,39451,898.402,2.84243,549.217,MAX_Q
155.5,39541,900.147,2.84654,548.605,MAX_Q
155.6,39631.1,901.895,2.85064,547.993,MAX_Q
155.7,39721.3,903.647,2.85475,547.381,MAX_Q
155.8,39811.8,905.402,2.85886,546.769,MAX_Q
155.9,39902.4,907.16,2.86298,546.157,MAX_Q
156,39993.2,908.921,2.8671,545.546,MAX_Q
156.1,40084.2,910.685,2.87122,544.934,MAX_Q
156.2,40175.4,912.452,2.87535,544.322,MAX_Q
156.3,40266.7,914.223,2.87948,543.71,MAX_Q
156.4,40358.2,915.996,2.88362,543.098,MAX_Q
156.5,40449.9,917.773,2.88775,542.486,MAX_Q
156.6,40541.8,919.553,2.8919,541.875,MAX_Q
156.7,40633.8,921.336,2.89604,541.263,MAX_Q
156.8,40726,923.122,2.90019,540.651,MAX_Q
156.9,40818.4,924.912,2.90435,540.039,MAX_Q
157,40911,926.705,2.9085,539.427,MAX_Q
157.1,41003.8,928.501,2.91267,538.815,MAX_Q
157.2,41096.7,930.3,2.91683,538.204,MAX_Q
157.3,41189.8,932.102,2.921,537.592,MAX_Q
157.4,41283.1,933.908,2.92517,536.98,MAX_Q
157.5,41376.6,935.716,2.92935,536.368,MAX_Q
157.6,41470.3,937.529,2.93353,535.756,MAX_Q
157.7,41564.1,939.344,2.93772,535.145,MAX_Q
157.8,41658.1,941.162,2.9419,534.533,MAX_Q
157.9,41752.4,942.984,2.9461,533.921,MAX_Q
158,41846.7,944.809,2.95029,533.309,MAX_Q
158.1,41941.3,946.638,2.95449,532.697,MAX_Q
158.2,42036.1,948.469,2.95869,532.085,MAX_Q
158.3,42131,950.304,2.9629,531.474,MAX_Q
158.4,42226.1,952.143,2.96711,530.862,MAX_Q
158.5,42321.4,953.984,2.97133,530.25,MAX_Q
158.6,42416.9,955.829,2.97555,529.638,MAX_Q
158.7,42512.6,957.677,2.97977,529.026,MAX_Q
158.8,42608.5,959.529,2.984,528.414,MAX_Q
158.9,42704.5,961.384,2.98823,527.803,MAX_Q
159,42800.7,963.242,2.99246,527.191,MAX_Q
159.1,42897.2,965.103,2.9967,526.579,MAX_Q
159.2,42993.8,966.968,3.00094,525.967,MAX_Q
159.3,43090.6,968.836,3.00519,525.355,MAX_Q
159.4,43187.5,970.708,3.00944,524.743,MAX_Q
159.5,43284.7,972.583,3.01369,524.132,MAX_Q
159.6,43382,974.461,3.01795,523.52,MAX_Q
159.7,43479.6,976.343,3.02221,522.908,MAX_Q
159.8,43577.3,978.228,3.02648,522.296,MAX_Q
159.9,43675.2,980.117,3.03075,521.684,MAX_Q
160,43773.3,982.009,3.03502,521.072,MAX_Q
160.1,43871.6,983.904,3.0393,520.461,MAX_Q
160.2,43970.1,985.803,3.04358,519.849,MAX_Q
160.3,44068.8,987.705,3.04787,519.237,MAX_Q
160.4,44167.7,989.611,3.05216,518.625,MAX_Q
160.5,44266.7,991.52,3.05645,518.013,MAX_Q
160.6,44366,993.433,3.06075,517.401,MAX_Q
160.7,44465.4,995.349,3.06505,516.79,MAX_Q
160.8,44565,997.268,3.06936,516.178,MAX_Q
160.9,44664.9,999.191,3.07367,515.566,MAX_Q
161,44764.9,1001.12,3.07798,514.954,MAX_Q
161.1,44865.1,1003.05,3.0823,514.342,MAX_Q
161.2,44965.5,1004.98,3.08662,513.73,MAX_Q
161.3,45066.1,1006.92,3.09094,513.119,MAX_Q
161.4,45166.9,1008.86,3.09527,512.507,MAX_Q
161.5,45267.8,1010.8,3.09961,511.895,MAX_Q
161.6,45369,1012.75,3.10395,511.283,MAX_Q
161.7,45470.4,1014.7,3.10829,510.671,MAX_Q
161.8,45572,1016.66,3.11263,510.06,MAX_Q
161.9,45673.7,1018.61,3.11698,509.448,MAX_Q
162,45775.7,1020.58,3.12134,508.836,MAX_Q
162.1,45877.8,1022.54,3.12569,508.224,MAX_Q
162.2,45980.2,1024.51,3.13006,507.612,MAX_Q
162.3,46082.7,1026.48,3.13442,507,MAX_Q
162.4,46185.5,1028.46,3.13879,506.389,MAX_Q
162.5,46288.4,1030.44,3.14317,505.777,MAX_Q
162.6,46391.6,1032.42,3.14755,505.165,MAX_Q
162.7,46494.9,1034.41,3.15193,504.553,MAX_Q
162.8,46598.5,1036.4,3.15632,503.941,MAX_Q
162.9,46702.2,1038.39,3.16071,503.329,MAX_Q
163,46806.1,1040.39,3.1651,502.718,MAX_Q
163.1,46910.3,1042.39,3.1695,502.106,MAX_Q
163.2,47014.6,1044.4,3.17391,501.494,MAX_Q
163.3,47119.2,1046.41,3.17831,500.882,MAX_Q
163.4,47223.9,1048.42,3.18273,500.27,MAX_Q
163.5,47328.8,1048.94,3.18259,500,BURNOUT
163.6,47433.6,1047.95,3.1779,500,COAST
163.7,47538.4,1046.97,3.17459,500,COAST
163.8,47643,1045.99,3.1716,500,COAST
163.9,47747.6,1045,3.16862,500,COAST
164,47852,1044.02,3.16564,500,COAST
164.1,47956.4,1043.03,3.16266,500,COAST
164.2,48060.6,1042.05,3.15967,500,COAST
164.3,48164.8,1041.07,3.15669,500,COAST
164.4,48268.9,1040.08,3.15371,500,COAST
164.5,48372.8,1039.1,3.15073,500,COAST
164.6,48476.7,1038.12,3.14775,500,COAST
164.7,48580.4,1037.13,3.14477,500,COAST
164.8,48684.1,1036.15,3.14178,500,COAST
164.9,48787.7,1035.17,3.1388,500,COAST
165,48891.1,1034.18,3.13582,500,COAST
165.1,48994.5,1033.2,3.13284,500,COAST
165.2,49097.8,1032.22,3.12986,500,COAST
165.3,49201,1031.24,3.12688,500,COAST
165.4,49304,1030.25,3.1239,500,COAST
165.5,49407,1029.27,3.12092,500,COAST
165.6,49509.9,1028.29,3.11794,500,COAST
165.7,49612.7,1027.3,3.11496,500,COAST
165.8,49715.3,1026.32,3.11198,500,COAST
165.9,49817.9,1025.34,3.109,500,COAST
166,49920.4,1024.35,3.10601,500,COAST
166.1,50022.8,1023.37,3.10303,500,COAST
166.2,50125.1,1022.39,3.10005,500,COAST
166.3,50227.3,1021.41,3.09707,500,COAST
166.4,50329.4,1020.42,3.09409,500,COAST
166.5,50431.4,1019.44,3.09112,500,COAST
166.6,50533.3,1018.46,3.08814,500,COAST
166.7,50635,1017.48,3.08516,500,COAST
166.8,50736.7,1016.49,3.08218,500,COAST
166.9,50838.3,1015.51,3.0792,500,COAST
167,50939.8,1014.53,3.07622,500,COAST
167.1,51041.3,1013.55,3.07324,500,COAST
167.2,51142.6,1012.56,3.07026,500,COAST
167.3,51243.8,1011.58,3.06728,500,COAST
167.4,51344.9,1010.6,3.0643,500,COAST
167.5,51445.9,1009.62,3.06132,500,COAST
167.6,51546.8,1008.63,3.05888,500,COAST
167.7,51647.6,1007.65,3.05747,500,COAST
167.8,51748.3,1006.67,3.05606,500,COAST
167.9,51848.9,1005.69,3.05465,500,COAST
168,51949.5,1004.7,3.05323,500,COAST
168.1,52049.9,1003.72,3.05182,500,COAST
168.2,52150.2,1002.74,3.0504,500,COAST
168.3,52250.4,1001.76,3.04898,500,COAST
168.4,52350.6,1000.77,3.04756,500,COAST
168.5,52450.6,999.792,3.04613,500,COAST
168.6,52550.5,998.81,3.0447,500,COAST
168.7,52650.3,997.828,3.04327,500,COAST
168.8,52750.1,996.846,3.04184,500,COAST
168.9,52849.7,995.864,3.04041,500,COAST
169,52949.3,994.881,3.03897,500,COAST
169.1,53048.7,993.899,3.03753,500,COAST
169.2,53148,992.917,3.03609,500,COAST
169.3,53247.3,991.935,3.03465,500,COAST
169.4,53346.4,990.953,3.0332,500,COAST
169.5,53445.5,989.971,3.03176,500,COAST
169.6,53544.4,988.989,3.03031,500,COAST
169.7,53643.3,988.007,3.02886,500,COAST
169.8,53742,987.025,3.0274,500,COAST
169.9,53840.7,986.043,3.02595,500,COAST
170,53939.2,985.061,3.02449,500,COAST
170.1,54037.7,984.079,3.02303,500,COAST
170.2,54136,983.098,3.02156,500,COAST
170.3,54234.3,982.116,3.0201,500,COAST
170.4,54332.5,981.134,3.01863,500,COAST
170.5,54430.5,980.152,3.01716,500,COAST
170.6,54528.5,979.17,3.01569,500,COAST
170.7,54626.4,978.188,3.01422,500,COAST
170.8,54724.1,977.207,3.01274,500,COAST
170.9,54821.8,976.225,3.01126,500,COAST
171,54919.4,975.243,3.00978,500,COAST
171.1,55016.9,974.261,3.0083,500,COAST
171.2,55114.2,973.28,3.00681,500,COAST
171.3,55211.5,972.298,3.00532,500,COAST
171.4,55308.7,971.316,3.00383,500,COAST
171.5,55405.8,970.334,3.00234,500,COAST
171.6,55502.8,969.353,3.00085,500,COAST
171.7,55599.6,968.371,2.99935,500,COAST
171.8,55696.4,967.389,2.99785,500,COAST
171.9,55793.1,966.408,2.99635,500,COAST
172,55889.7,965.426,2.99484,500,COAST
172.1,55986.2,964.444,2.99334,500,COAST
172.2,56082.6,963.463,2.99183,500,COAST
172.3,56178.9,962.481,2.99032,500,COAST
172.4,56275.1,961.5,2.9888,500,COAST
172.5,56371.2,960.518,2.98729,500,COAST
172.6,56467.2,959.537,2.98577,500,COAST
172.7,56563.1,958.555,2.98425,500,COAST
172.8,56658.9,957.573,2.98273,500,COAST
172.9,56754.6,956.592,2.9812,500,COAST
173,56850.2,955.61,2.97967,500,COAST
173.1,56945.7,954.629,2.97814,500,COAST
173.2,57041.2,953.647,2.97661,500,COAST
173.3,57136.5,952.666,2.97508,500,COAST
173.4,57231.7,951.685,2.97354,500,COAST
173.5,57326.8,950.703,2.972,500,COAST
173.6,57421.8,949.722,2.97046,500,COAST
173.7,57516.8,948.74,2.96892,500,COAST
173.8,57611.6,947.759,2.96737,500,COAST
173.9,57706.3,946.777,2.96582,500,COAST
174,57800.9,945.796,2.96427,500,COAST
174.1,57895.5,944.815,2.96271,500,COAST
174.2,57989.9,943.833,2.96116,500,COAST
174.3,58084.2,942.852,2.9596,500,COAST
174.4,58178.5,941.87,2.95804,500,COAST
174.5,58272.6,940.889,2.95648,500,COAST
174.6,58366.6,939.908,2.95491,500,COAST
174.7,58460.6,938.926,2.95334,500,COAST
174.8,58554.4,937.945,2.95177,500,COAST
174.9,58648.2,936.964,2.9502,500,COAST
175,58741.8,935.982,2.94862,500,COAST
175.1,58835.4,935.001,2.94704,500,COAST
175.2,58928.8,934.02,2.94546,500,COAST
175.3,59022.2,933.038,2.94388,500,COAST
175.4,59115.4,932.057,2.9423,500,COAST
175.5,59208.6,931.076,2.94071,500,COAST
175.6,59301.6,930.095,2.93912,500,COAST
175.7,59394.6,929.113,2.93752,500,COAST
175.8,59487.5,928.132,2.93593,500,COAST
175.9,59580.2,927.151,2.93433,500,COAST
176,59672.9,926.17,2.93273,500,COAST
176.1,59765.5,925.188,2.93113,500,COAST
176.2,59857.9,924.207,2.92952,500,COAST
176.3,59950.3,923.226,2.92792,500,COAST
176.4,60042.6,922.245,2.92631,500,COAST
176.5,60134.8,921.264,2.92469,500,COAST
176.6,60226.8,920.282,2.92308,500,COAST
176.7,60318.8,919.301,2.92146,500,COAST
176.8,60410.7,918.32,2.91984,500,COAST
176.9,60502.5,917.339,2.91822,500,COAST
177,60594.2,916.358,2.91659,500,COAST
177.1,60685.7,915.377,2.91496,500,COAST
177.2,60777.2,914.395,2.91333,500,COAST
177.3,60868.6,913.414,2.9117,500,COAST
177.4,60959.9,912.433,2.91007,500,COAST
177.5,61051.1,911.452,2.90843,500,COAST
177.6,61142.2,910.471,2.90679,500,COAST
177.7,61233.2,909.49,2.90514,500,COAST
177.8,61324.1,908.509,2.9035,500,COAST
177.9,61414.9,907.528,2.90185,500,COAST
178,61505.6,906.546,2.9002,500,COAST
178.1,61596.2,905.565,2.89855,500,COAST
178.2,61686.7,904.584,2.89689,500,COAST
178.3,61777.1,903.603,2.89523,500,COAST
178.4,61867.4,902.622,2.89357,500,COAST
178.5,61957.7,901.641,2.89191,500,COAST
178.6,62047.8,900.66,2.89024,500,COAST
178.7,62137.8,899.679,2.88857,500,COAST
178.8,62227.7,898.698,2.8869,500,COAST
178.9,62317.5,897.717,2.88523,500,COAST
179,62407.3,896.736,2.88355,500,COAST
179.1,62496.9,895.755,2.88187,500,COAST
179.2,62586.4,894.774,2.88019,500,COAST
179.3,62675.8,893.793,2.87851,500,COAST
179.4,62765.2,892.812,2.87682,500,COAST
179.5,62854.4,891.831,2.87513,500,COAST
179.6,62943.5,890.85,2.87344,500,COAST
179.7,63032.6,889.869,2.87174,500,COAST
179.8,63121.5,888.888,2.87005,500,COAST
179.9,63210.3,887.907,2.86835,500,COAST
180,63299.1,886.926,2.86664,500,COAST
180.1,63387.7,885.945,2.86494,500,COAST
180.2,63476.3,884.964,2.86323,500,COAST
180.3,63564.7,883.983,2.86152,500,COAST
180.4,63653.1,883.002,2.85981,500,COAST
180.5,63741.3,882.021,2.85809,500,COAST
180.6,63829.5,881.04,2.85637,500,COAST
180.7,63917.5,880.059,2.85465,500,COAST
180.8,64005.5,879.078,2.85293,500,COAST
180.9,64093.3,878.097,2.8512,500,COAST
181,64181.1,877.116,2.84947,500,COAST
181.1,64268.8,876.135,2.84774,500,COAST
181.2,64356.3,875.154,2.846,500,COAST
181.3,64443.8,874.173,2.84427,500,COAST
181.4,64531.2,873.192,2.84253,500,COAST
181.5,64618.4,872.211,2.84078,500,COAST
181.6,64705.6,871.23,2.83904,500,COAST
181.7,64792.7,870.249,2.83729,500,COAST
181.8,64879.7,869.268,2.83554,500,COAST
181.9,64966.5,868.287,2.83379,500,COAST
182,65053.3,867.306,2.83203,500,COAST
182.1,65140,866.325,2.83027,500,COAST
182.2,65226.6,865.345,2.82851,500,COAST
182.3,65313.1,864.364,2.82675,500,COAST
182.4,65399.5,863.383,2.82498,500,COAST
182.5,65485.7,862.402,2.82321,500,COAST
182.6,65571.9,861.421,2.82144,500,COAST
182.7,65658,860.44,2.81966,500,COAST
182.8,65744,859.459,2.81788,500,COAST
182.9,65829.9,858.478,2.8161,500,COAST
183,65915.7,857.497,2.81432,500,COAST
183.1,66001.4,856.516,2.81253,500,COAST
183.2,66087,855.536,2.81074,500,COAST
183.3,66172.5,854.555,2.80895,500,COAST
183.4,66257.9,853.574,2.80716,500,COAST
183.5,66343.2,852.593,2.80536,500,COAST
183.6,66428.5,851.612,2.80356,500,COAST
183.7,66513.6,850.631,2.80176,500,COAST
183.8,66598.6,849.65,2.79995,500,COAST
183.9,66683.5,848.669,2.79814,500,COAST
184,66768.3,847.689,2.79633,500,COAST
184.1,66853,846.708,2.79452,500,COAST
184.2,66937.7,845.727,2.7927,500,COAST
184.3,67022.2,844.746,2.79088,500,COAST
184.4,67106.6,843.765,2.78906,500,COAST
184.5,67190.9,842.784,2.78723,500,COAST
184.6,67275.2,841.803,2.78541,500,COAST
184.7,67359.3,840.823,2.78357,500,COAST
184.8,67443.3,839.842,2.78174,500,COAST
184.9,67527.3,838.861,2.7799,500,COAST
185,67611.1,837.88,2.77806,500,COAST
185.1,67694.8,836.899,2.77622,500,COAST
185.2,67778.5,835.918,2.77438,500,COAST
185.3,67862,834.938,2.77253,500,COAST
185.4,67945.5,833.957,2.77068,500,COAST
185.5,68028.8,832.976,2.76883,500,COAST
185.6,68112.1,831.995,2.76697,500,COAST
185.7,68195.2,831.014,2.76511,500,COAST
185.8,68278.3,830.033,2.76325,500,COAST
185.9,68361.2,829.053,2.76138,500,COAST
186,68444.1,828.072,2.75951,500,COAST
186.1,68526.8,827.091,2.75764,500,COAST
186.2,68609.5,826.11,2.75577,500,COAST
186.3,68692.1,825.129,2.75389,500,COAST
186.4,68774.5,824.149,2.75201,500,COAST
186.5,68856.9,823.168,2.75013,500,COAST
186.6,68939.2,822.187,2.74825,500,COAST
186.7,69021.3,821.206,2.74636,500,COAST
186.8,69103.4,820.225,2.74447,500,COAST
186.9,69185.4,819.245,2.74257,500,COAST
187,69267.2,818.264,2.74068,500,COAST
187.1,69349,817.283,2.73878,500,COAST
187.2,69430.7,816.302,2.73688,500,COAST
187.3,69512.3,815.321,2.73497,500,COAST
187.4,69593.8,814.341,2.73306,500,COAST
187.5,69675.1,813.36,2.73115,500,COAST
187.6,69756.4,812.379,2.72924,500,COAST
187.7,69837.6,811.398,2.72732,500,COAST
187.8,69918.7,810.417,2.7254,500,COAST
187.9,69999.7,809.437,2.72348,500,COAST
188,70080.6,808.456,2.72155,500,COAST
188.1,70161.4,807.475,2.71962,500,COAST
188.2,70242.1,806.494,2.71769,500,COAST
188.3,70322.7,805.514,2.71575,500,COAST
188.4,70403.2,804.533,2.71382,500,COAST
188.5,70483.6,803.552,2.71188,500,COAST
188.6,70563.9,802.571,2.70993,500,COAST
188.7,70644.1,801.59,2.70798,500,COAST
188.8,70724.2,800.61,2.70604,500,COAST
188.9,70804.2,799.629,2.70408,500,COAST
189,70884.2,798.648,2.70213,500,COAST
189.1,70964,797.667,2.70017,500,COAST
189.2,71043.7,796.687,2.69821,500,COAST
189.3,71123.3,795.706,2.69624,500,COAST
189.4,71202.8,794.725,2.69427,500,COAST
189.5,71282.3,793.744,2.6923,500,COAST
189.6,71361.6,792.764,2.69033,500,COAST
189.7,71440.8,791.783,2.68835,500,COAST
189.8,71519.9,790.802,2.68637,500,COAST
189.9,71599,789.821,2.68439,500,COAST
190,71677.9,788.841,2.68241,500,COAST
190.1,71756.7,787.86,2.68042,500,COAST
190.2,71835.5,786.879,2.67843,500,COAST
190.3,71914.1,785.898,2.67626,500,COAST
190.4,71992.6,784.918,2.67388,500,COAST
190.5,72071.1,783.937,2.67149,500,COAST
190.6,72149.4,782.956,2.66911,500,COAST
190.7,72227.7,781.975,2.66672,500,COAST
190.8,72305.8,780.995,2.66432,500,COAST
190.9,72383.9,780.014,2.66193,500,COAST
191,72461.8,779.033,2.65953,500,COAST
191.1,72539.7,778.052,2.65713,500,COAST
191.2,72617.4,777.072,2.65473,500,COAST
191.3,72695.1,776.091,2.65233,500,COAST
191.4,72772.7,775.11,2.64992,500,COAST
191.5,72850.1,774.129,2.64751,500,COAST
191.6,72927.5,773.149,2.6451,500,COAST
191.7,73004.8,772.168,2.64268,500,COAST
191.8,73081.9,771.187,2.64026,500,COAST
191.9,73159,770.206,2.63784,500,COAST
192,73236,769.226,2.63542,500,COAST
192.1,73312.8,768.245,2.633,500,COAST
192.2,73389.6,767.264,2.63057,500,COAST
192.3,73466.3,766.284,2.62814,500,COAST
192.4,73542.9,765.303,2.6257,500,COAST
192.5,73619.4,764.322,2.62327,500,COAST
192.6,73695.7,763.341,2.62083,500,COAST
192.7,73772,762.361,2.61839,500,COAST
192.8,73848.2,761.38,2.61594,500,COAST
192.9,73924.3,760.399,2.6135,500,COAST
193,74000.3,759.418,2.61105,500,COAST
193.1,74076.2,758.438,2.6086,500,COAST
193.2,74152,757.457,2.60614,500,COAST
193.3,74227.7,756.476,2.60369,500,COAST
193.4,74303.3,755.496,2.60123,500,COAST
193.5,74378.8,754.515,2.59877,500,COAST
193.6,74454.2,753.534,2.5963,500,COAST
193.7,74529.5,752.553,2.59383,500,COAST
193.8,74604.7,751.573,2.59136,500,COAST
193.9,74679.8,750.592,2.58889,500,COAST
194,74754.8,749.611,2.58642,500,COAST
194.1,74829.7,748.631,2.58394,500,COAST
194.2,74904.5,747.65,2.58146,500,COAST
194.3,74979.2,746.669,2.57898,500,COAST
194.4,75053.9,745.688,2.57649,500,COAST
194.5,75128.4,744.708,2.574,500,COAST
194.6,75202.8,743.727,2.57151,500,COAST
194.7,75277.1,742.746,2.56902,500,COAST
194.8,75351.4,741.766,2.56652,500,COAST
194.9,75425.5,740.785,2.56402,500,COAST
195,75499.5,739.804,2.56152,500,COAST
195.1,75573.4,738.823,2.55902,500,COAST
195.2,75647.3,737.843,2.55651,500,COAST
195.3,75721,736.862,2.554,500,COAST
195.4,75794.6,735.881,2.55149,500,COAST
195.5,75868.2,734.901,2.54897,500,COAST
195.6,75941.6,733.92,2.54646,500,COAST
195.7,76015,732.939,2.54394,500,COAST
195.8,76088.2,731.958,2.54141,500,COAST
195.9,76161.4,730.978,2.53889,500,COAST
196,76234.4,729.997,2.53636,500,COAST
196.1,76307.4,729.016,2.53383,500,COAST
196.2,76380.2,728.036,2.5313,500,COAST
196.3,76453,727.055,2.52876,500,COAST
196.4,76525.6,726.074,2.52622,500,COAST
196.5,76598.2,725.094,2.52368,500,COAST
196.6,76670.6,724.113,2.52114,500,COAST
196.7,76743,723.132,2.51859,500,COAST
196.8,76815.3,722.151,2.51604,500,COAST
196.9,76887.4,721.171,2.51349,500,COAST
197,76959.5,720.19,2.51094,500,COAST
197.1,77031.5,719.209,2.50838,500,COAST
197.2,77103.3,718.229,2.50582,500,COAST
197.3,77175.1,717.248,2.50326,500,COAST
197.4,77246.8,716.267,2.50069,500,COAST
197.5,77318.4,715.287,2.49813,500,COAST
197.6,77389.9,714.306,2.49556,500,COAST
197.7,77461.2,713.325,2.49298,500,COAST
197.8,77532.5,712.344,2.49041,500,COAST
197.9,77603.7,711.364,2.48783,500,COAST
198,77674.8,710.383,2.48525,500,COAST
198.1,77745.8,709.402,2.48267,500,COAST
198.2,77816.7,708.422,2.48008,500,COAST
198.3,77887.5,707.441,2.47749,500,COAST
198.4,77958.2,706.46,2.4749,500,COAST
198.5,78028.8,705.48,2.47231,500,COAST
198.6,78099.3,704.499,2.46971,500,COAST
198.7,78169.7,703.518,2.46711,500,COAST
198.8,78240,702.537,2.46451,500,COAST
198.9,78310.2,701.557,2.4619,500,COAST
199,78380.3,700.576,2.45929,500,COAST
199.1,78450.3,699.595,2.45668,500,COAST
199.2,78520.2,698.615,2.45407,500,COAST
199.3,78590,697.634,2.45146,500,COAST
199.4,78659.7,696.653,2.44884,500,COAST
199.5,78729.3,695.673,2.44622,500,COAST
199.6,78798.8,694.692,2.44359,500,COAST
199.7,78868.3,693.711,2.44097,500,COAST
199.8,78937.6,692.731,2.43834,500,COAST
199.9,79006.8,691.75,2.43571,500,COAST
200,79075.9,690.769,2.43307,500,COAST
200.1,79145,689.789,2.43044,500,COAST
200.2,79213.9,688.808,2.4278,500,COAST
200.3,79282.7,687.827,2.42515,500,COAST
200.4,79351.5,686.846,2.42251,500,COAST
200.5,79420.1,685.866,2.41986,500,COAST
200.6,79488.6,684.885,2.41721,500,COAST
200.7,79557.1,683.904,2.41456,500,COAST
200.8,79625.4,682.924,2.4119,500,COAST
200.9,79693.7,681.943,2.40924,500,COAST
201,79761.8,680.962,2.40658,500,COAST
201.1,79829.9,679.982,2.40392,500,COAST
201.2,79897.8,679.001,2.40125,500,COAST
201.3,79965.7,678.02,2.39858,500,COAST
201.4,80033.4,677.04,2.39591,500,COAST
201.5,80101.1,676.059,2.39324,500,COAST
201.6,80168.6,675.078,2.39056,500,COAST
201.7,80236.1,674.098,2.38788,500,COAST
201.8,80303.4,673.117,2.3852,500,COAST
201.9,80370.7,672.136,2.38251,500,COAST
202,80437.9,671.155,2.37983,500,COAST
202.1,80504.9,670.175,2.37714,500,COAST
202.2,80571.9,669.194,2.37444,500,COAST
202.3,80638.8,668.213,2.37175,500,COAST
202.4,80705.5,667.233,2.36905,500,COAST
202.5,80772.2,666.252,2.36635,500,COAST
202.6,80838.8,665.271,2.36364,500,COAST
202.7,80905.3,664.291,2.36094,500,COAST
202.8,80971.7,663.31,2.35823,500,COAST
202.9,81037.9,662.329,2.35552,500,COAST
203,81104.1,661.349,2.3528,500,COAST
203.1,81170.2,660.368,2.35008,500,COAST
203.2,81236.2,659.387,2.34736,500,COAST
203.3,81302.1,658.407,2.34464,500,COAST
203.4,81367.9,657.426,2.34191,500,COAST
203.5,81433.6,656.445,2.33919,500,COAST
203.6,81499.2,655.465,2.33646,500,COAST
203.7,81564.7,654.484,2.33372,500,COAST
203.8,81630.1,653.503,2.33099,500,COAST
203.9,81695.4,652.523,2.32825,500,COAST
204,81760.6,651.542,2.32551,500,COAST
204.1,81825.7,650.561,2.32276,500,COAST
204.2,81890.7,649.581,2.32001,500,COAST
204.3,81955.6,648.6,2.31726,500,COAST
204.4,82020.4,647.619,2.31451,500,COAST
204.5,82085.1,646.638,2.31176,500,COAST
204.6,82149.7,645.658,2.309,500,COAST
204.7,82214.2,644.677,2.30624,500,COAST
204.8,82278.7,643.696,2.30348,500,COAST
204.9,82343,642.716,2.30071,500,COAST
205,82407.2,641.735,2.29794,500,COAST
205.1,82471.3,640.754,2.29517,500,COAST
205.2,82535.4,639.774,2.2924,500,COAST
205.3,82599.3,638.793,2.28962,500,COAST
205.4,82663.1,637.812,2.28684,500,COAST
205.5,82726.8,636.832,2.28406,500,COAST
205.6,82790.5,635.851,2.28127,500,COAST
205.7,82854,634.87,2.27849,500,COAST
205.8,82917.5,633.89,2.2757,500,COAST
205.9,82980.8,632.909,2.2729,500,COAST
206,83044,631.928,2.27011,500,COAST
206.1,83107.2,630.948,2.26731,500,COAST
206.2,83170.2,629.967,2.26451,500,COAST
206.3,83233.2,628.986,2.26171,500,COAST
206.4,83296,628.006,2.2589,500,COAST
206.5,83358.8,627.025,2.25609,500,COAST
206.6,83421.4,626.044,2.25328,500,COAST
206.7,83484,625.064,2.25046,500,COAST
206.8,83546.4,624.083,2.24765,500,COAST
206.9,83608.8,623.102,2.24483,500,COAST
207,83671.1,622.122,2.242,500,COAST
207.1,83733.2,621.141,2.23918,500,COAST
207.2,83795.3,620.16,2.23635,500,COAST
207.3,83857.3,619.18,2.23352,500,COAST
207.4,83919.1,618.199,2.23069,500,COAST
207.5,83980.9,617.218,2.22785,500,COAST
207.6,84042.6,616.238,2.22501,500,COAST
207.7,84104.1,615.257,2.22217,500,COAST
207.8,84165.6,614.276,2.21933,500,COAST
207.9,84227,613.296,2.21648,500,COAST
208,84288.3,612.315,2.21363,500,COAST
208.1,84349.5,611.334,2.21078,500,COAST
208.2,84410.5,610.353,2.20792,500,COAST
208.3,84471.5,609.373,2.20507,500,COAST
208.4,84532.4,608.392,2.20221,500,COAST
208.5,84593.2,607.411,2.19934,500,COAST
208.6,84653.9,606.431,2.19648,500,COAST
208.7,84714.5,605.45,2.19361,500,COAST
208.8,84775,604.469,2.19074,500,COAST
208.9,84835.4,603.489,2.18787,500,COAST
209,84895.7,602.508,2.18499,500,COAST
209.1,84955.9,601.527,2.18211,500,COAST
209.2,85016,600.547,2.17923,500,COAST
209.3,85076,599.566,2.17634,500,COAST
209.4,85135.9,598.585,2.17346,500,COAST
209.5,85195.7,597.605,2.17057,500,COAST
209.6,85255.4,596.624,2.16768,500,COAST
209.7,85315,595.643,2.16478,500,COAST
209.8,85374.6,594.663,2.16188,500,COAST
209.9,85434,593.682,2.15898,500,COAST
210,85493.3,592.701,2.15608,500,COAST
210.1,85552.5,591.721,2.15317,500,COAST
210.2,85611.6,590.74,2.15026,500,COAST
210.3,85670.7,589.759,2.14735,500,COAST
210.4,85729.6,588.779,2.14444,500,COAST
210.5,85788.4,587.798,2.14152,500,COAST
210.6,85847.1,586.817,2.1386,500,COAST
210.7,85905.8,585.837,2.13568,500,COAST
210.8,85964.3,584.856,2.13276,500,COAST
210.9,86022.8,583.875,2.12983,500,COAST
211,86081.1,582.895,2.1269,500,COAST
211.1,86139.3,581.914,2.12397,500,COAST
211.2,86197.5,580.933,2.12103,500,COAST
211.3,86255.5,579.953,2.11809,500,COAST
211.4,86313.5,578.972,2.11515,500,COAST
211.5,86371.3,577.991,2.11221,500,COAST
211.6,86429.1,577.011,2.10926,500,COAST
211.7,86486.7,576.03,2.10631,500,COAST
211.8,86544.3,575.049,2.10336,500,COAST
211.9,86601.7,574.069,2.10041,500,COAST
212,86659.1,573.088,2.09745,500,COAST
212.1,86716.3,572.107,2.09449,500,COAST
212.2,86773.5,571.127,2.09153,500,COAST
212.3,86830.6,570.146,2.08856,500,COAST
212.4,86887.5,569.165,2.08559,500,COAST
212.5,86944.4,568.185,2.08262,500,COAST
212.6,87001.2,567.204,2.07965,500,COAST
212.7,87057.8,566.223,2.07668,500,COAST
212.8,87114.4,565.243,2.0737,500,COAST
212.9,87170.9,564.262,2.07072,500,COAST
213,87227.3,563.281,2.06773,500,COAST
213.1,87283.5,562.301,2.06475,500,COAST
213.2,87339.7,561.32,2.06176,500,COAST
213.3,87395.8,560.339,2.05877,500,COAST
213.4,87451.8,559.359,2.05577,500,COAST
213.5,87507.7,558.378,2.05277,500,COAST
213.6,87563.5,557.397,2.04977,500,COAST
213.7,87619.2,556.417,2.04677,500,COAST
213.8,87674.8,555.436,2.04377,500,COAST
213.9,87730.2,554.455,2.04076,500,COAST
214,87785.6,553.475,2.03775,500,COAST
214.1,87840.9,552.494,2.03474,500,COAST
214.2,87896.1,551.513,2.03172,500,COAST
214.3,87951.2,550.533,2.0287,500,COAST
214.4,88006.2,549.552,2.02568,500,COAST
214.5,88061.2,548.571,2.02266,500,COAST
214.6,88116,547.591,2.01963,500,COAST
214.7,88170.7,546.61,2.0166,500,COAST
214.8,88225.3,545.629,2.01357,500,COAST
214.9,88279.8,544.649,2.01054,500,COAST
215,88334.2,543.668,2.0075,500,COAST
215.1,88388.5,542.687,2.00446,500,COAST
215.2,88442.8,541.707,2.00142,500,COAST
215.3,88496.9,540.726,1.99837,500,COAST
215.4,88550.9,539.745,1.99532,500,COAST
215.5,88604.8,538.765,1.99227,500,COAST
215.6,88658.7,537.784,1.98922,500,COAST
215.7,88712.4,536.803,1.98617,500,COAST
215.8,88766,535.823,1.98311,500,COAST
215.9,88819.5,534.842,1.98005,500,COAST
216,88873,533.861,1.97698,500,COAST
216.1,88926.3,532.881,1.97392,500,COAST
216.2,88979.6,531.9,1.97085,500,COAST
216.3,89032.7,530.919,1.96778,500,COAST
216.4,89085.7,529.939,1.9647,500,COAST
216.5,89138.7,528.958,1.96163,500,COAST
216.6,89191.5,527.977,1.95855,500,COAST
216.7,89244.3,526.997,1.95547,500,COAST
216.8,89296.9,526.016,1.95238,500,COAST
216.9,89349.5,525.035,1.94929,500,COAST
217,89401.9,524.055,1.9462,500,COAST
217.1,89454.3,523.074,1.94311,500,COAST
217.2,89506.6,522.093,1.94002,500,COAST
217.3,89558.7,521.113,1.93692,500,COAST
217.4,89610.8,520.132,1.93382,500,COAST
217.5,89662.7,519.151,1.93072,500,COAST
217.6,89714.6,518.171,1.92761,500,COAST
217.7,89766.4,517.19,1.9245,500,COAST
217.8,89818,516.209,1.92139,500,COAST
217.9,89869.6,515.229,1.91828,500,COAST
218,89921.1,514.248,1.91516,500,COAST
218.1,89972.5,513.267,1.91204,500,COAST
218.2,90023.7,512.287,1.90892,500,COAST
218.3,90074.9,511.306,1.9058,500,COAST
218.4,90126,510.325,1.90267,500,COAST
218.5,90177,509.345,1.89954,500,COAST
218.6,90227.9,508.364,1.89641,500,COAST
218.7,90278.7,507.383,1.89328,500,COAST
218.8,90329.3,506.403,1.89014,500,COAST
218.9,90379.9,505.422,1.887,500,COAST
219,90430.4,504.441,1.88386,500,COAST
219.1,90480.8,503.461,1.88071,500,COAST
219.2,90531.1,502.48,1.87756,500,COAST
219.3,90581.3,501.499,1.87441,500,COAST
219.4,90631.4,500.519,1.87126,500,COAST
219.5,90681.4,499.538,1.86811,500,COAST
219.6,90731.3,498.557,1.86495,500,COAST
219.7,90781.1,497.577,1.86179,500,COAST
219.8,90830.8,496.596,1.85862,500,COAST
219.9,90880.5,495.615,1.85546,500,COAST
220,90930,494.635,1.85229,500,COAST
220.1,90979.4,493.654,1.84912,500,COAST
220.2,91028.7,492.673,1.84595,500,COAST
220.3,91077.9,491.693,1.84277,500,COAST
220.4,91127,490.712,1.83959,500,COAST
220.5,91176.1,489.731,1.83641,500,COAST
220.6,91225,488.751,1.83323,500,COAST
220.7,91273.8,487.77,1.83004,500,COAST
220.8,91322.5,486.789,1.82685,500,COAST
220.9,91371.2,485.809,1.82366,500,COAST
221,91419.7,484.828,1.82047,500,COAST
221.1,91468.1,483.847,1.81727,500,COAST
221.2,91516.5,482.867,1.81407,500,COAST
221.3,91564.7,481.886,1.81087,500,COAST
221.4,91612.8,480.905,1.80767,500,COAST
221.5,91660.9,479.925,1.80446,500,COAST
221.6,91708.8,478.944,1.80125,500,COAST
221.7,91756.7,477.963,1.79804,500,COAST
221.8,91804.4,476.983,1.79482,500,COAST
221.9,91852.1,476.002,1.79161,500,COAST
222,91899.6,475.021,1.78839,500,COAST
222.1,91947.1,474.041,1.78516,500,COAST
222.2,91994.4,473.06,1.78194,500,COAST
222.3,92041.7,472.079,1.77871,500,COAST
222.4,92088.9,471.099,1.77548,500,COAST
222.5,92135.9,470.118,1.77225,500,COAST
222.6,92182.9,469.137,1.76902,500,COAST
222.7,92229.7,468.157,1.76578,500,COAST
222.8,92276.5,467.176,1.76254,500,COAST
222.9,92323.2,466.195,1.7593,500,COAST
223,92369.7,465.215,1.75605,500,COAST
223.1,92416.2,464.234,1.7528,500,COAST
223.2,92462.6,463.253,1.74955,500,COAST
223.3,92508.9,462.273,1.7463,500,COAST
223.4,92555,461.292,1.74305,500,COAST
223.5,92601.1,460.311,1.73979,500,COAST
223.6,92647.1,459.331,1.73653,500,COAST
223.7,92693,458.35,1.73327,500,COAST
223.8,92738.8,457.369,1.73,500,COAST
223.9,92784.5,456.389,1.72673,500,COAST
224,92830.1,455.408,1.72346,500,COAST
224.1,92875.5,454.427,1.72019,500,COAST
224.2,92920.9,453.447,1.71691,500,COAST
224.3,92966.2,452.466,1.71364,500,COAST
224.4,93011.4,451.485,1.71036,500,COAST
224.5,93056.5,450.505,1.70707,500,COAST
224.6,93101.5,449.524,1.70379,500,COAST
224.7,93146.4,448.543,1.7005,500,COAST
224.8,93191.2,447.563,1.69721,500,COAST
224.9,93236,446.582,1.69392,500,COAST
225,93280.6,445.601,1.69062,500,COAST
225.1,93325.1,444.621,1.68733,500,COAST
225.2,93369.5,443.64,1.68402,500,COAST
225.3,93413.8,442.659,1.68072,500,COAST
225.4,93458,441.679,1.67742,500,COAST
225.5,93502.1,440.698,1.67411,500,COAST
225.6,93546.2,439.717,1.6708,500,COAST
225.7,93590.1,438.737,1.66749,500,COAST
225.8,93633.9,437.756,1.66417,500,COAST
225.9,93677.6,436.775,1.66085,500,COAST
226,93721.3,435.795,1.65753,500,COAST
226.1,93764.8,434.814,1.65421,500,COAST
226.2,93808.2,433.833,1.65089,500,COAST
226.3,93851.6,432.853,1.64756,500,COAST
226.4,93894.8,431.872,1.64423,500,COAST
226.5,93937.9,430.891,1.6409,500,COAST
226.6,93981,429.911,1.63756,500,COAST
226.7,94023.9,428.93,1.63423,500,COAST
226.8,94066.8,427.949,1.63089,500,COAST
226.9,94109.5,426.969,1.62754,500,COAST
227,94152.1,425.988,1.6242,500,COAST
227.1,94194.7,425.007,1.62085,500,COAST
227.2,94237.2,424.027,1.6175,500,COAST
227.3,94279.5,423.046,1.61415,500,COAST
227.4,94321.8,422.065,1.6108,500,COAST
227.5,94363.9,421.085,1.60744,500,COAST
227.6,94406,420.104,1.60408,500,COAST
227.7,94447.9,419.123,1.60072,500,COAST
227.8,94489.8,418.143,1.59736,500,COAST
227.9,94531.6,417.162,1.59399,500,COAST
228,94573.2,416.181,1.59062,500,COAST
228.1,94614.8,415.201,1.58725,500,COAST
228.2,94656.3,414.22,1.58388,500,COAST
228.3,94697.6,413.239,1.5805,500,COAST
228.4,94738.9,412.259,1.57712,500,COAST
228.5,94780.1,411.278,1.57374,500,COAST
228.6,94821.2,410.297,1.57036,500,COAST
228.7,94862.2,409.317,1.56697,500,COAST
228.8,94903,408.336,1.56359,500,COAST
228.9,94943.8,407.355,1.5602,500,COAST
229,94984.5,406.375,1.5568,500,COAST
229.1,95025.1,405.394,1.55341,500,COAST
229.2,95065.6,404.413,1.55001,500,COAST
229.3,95106,403.433,1.54661,500,COAST
229.4,95146.3,402.452,1.54321,500,COAST
229.5,95186.5,401.471,1.53981,500,COAST
229.6,95226.6,400.491,1.5364,500,COAST
229.7,95266.6,399.51,1.53299,500,COAST
229.8,95306.5,398.529,1.52958,500,COAST
229.9,95346.3,397.549,1.52616,500,COAST
230,95386,396.568,1.52275,500,COAST
230.1,95425.6,395.587,1.51933,500,COAST
230.2,95465.1,394.607,1.51591,500,COAST
230.3,95504.5,393.626,1.51249,500,COAST
230.4,95543.8,392.645,1.50906,500,COAST
230.5,95583,391.665,1.50563,500,COAST
230.6,95622.2,390.684,1.5022,500,COAST
230.7,95661.2,389.703,1.49877,500,COAST
230.8,95700.1,388.723,1.49533,500,COAST
230.9,95738.9,387.742,1.4919,500,COAST
231,95777.6,386.761,1.48846,500,COAST
231.1,95816.3,385.781,1.48502,500,COAST
231.2,95854.8,384.8,1.48157,500,COAST
231.3,95893.2,383.819,1.47813,500,COAST
231.4,95931.6,382.839,1.47468,500,COAST
231.5,95969.8,381.858,1.47123,500,COAST
231.6,96007.9,380.877,1.46777,500,COAST
231.7,96046,379.897,1.46432,500,COAST
231.8,96083.9,378.916,1.46086,500,COAST
231.9,96121.8,377.935,1.4574,500,COAST
232,96159.5,376.955,1.45394,500,COAST
232.1,96197.2,375.974,1.45047,500,COAST
232.2,96234.7,374.993,1.447,500,COAST
232.3,96272.2,374.013,1.44353,500,COAST
232.4,96309.5,373.032,1.44006,500,COAST
232.5,96346.8,372.051,1.43659,500,COAST
232.6,96383.9,371.071,1.43311,500,COAST
232.7,96421,370.09,1.42963,500,COAST
232.8,96457.9,369.109,1.42615,500,COAST
232.9,96494.8,368.129,1.42267,500,COAST
233,96531.6,367.148,1.41919,500,COAST
233.1,96568.2,366.167,1.4157,500,COAST
233.2,96604.8,365.187,1.41221,500,COAST
233.3,96641.3,364.206,1.40872,500,COAST
233.4,96677.6,363.225,1.40522,500,COAST
233.5,96713.9,362.245,1.40173,500,COAST
233.6,96750.1,361.264,1.39823,500,COAST
233.7,96786.2,360.283,1.39473,500,COAST
233.8,96822.1,359.303,1.39122,500,COAST
233.9,96858,358.322,1.38772,500,COAST
234,96893.8,357.341,1.38421,500,COAST
234.1,96929.5,356.361,1.3807,500,COAST
234.2,96965.1,355.38,1.37719,500,COAST
234.3,97000.6,354.399,1.37368,500,COAST
234.4,97036,353.419,1.37016,500,COAST
234.5,97071.2,352.438,1.36664,500,COAST
234.6,97106.4,351.457,1.36312,500,COAST
234.7,97141.5,350.477,1.3596,500,COAST
234.8,97176.5,349.496,1.35607,500,COAST
234.9,97211.4,348.515,1.35255,500,COAST
235,97246.2,347.535,1.34902,500,COAST
235.1,97280.9,346.554,1.34548,500,COAST
235.2,97315.6,345.573,1.34195,500,COAST
235.3,97350.1,344.593,1.33842,500,COAST
235.4,97384.5,343.612,1.33488,500,COAST
235.5,97418.8,342.631,1.33134,500,COAST
235.6,97453,341.651,1.32779,500,COAST
235.7,97487.1,340.67,1.32425,500,COAST
235.8,97521.1,339.689,1.3207,500,COAST
235.9,97555,338.709,1.31715,500,COAST
236,97588.9,337.728,1.3136,500,COAST
236.1,97622.6,336.747,1.31005,500,COAST
236.2,97656.2,335.767,1.3065,500,COAST
236.3,97689.7,334.786,1.30294,500,COAST
236.4,97723.2,333.805,1.29938,500,COAST
236.5,97756.5,332.825,1.29582,500,COAST
236.6,97789.7,331.844,1.29225,500,COAST
236.7,97822.9,330.863,1.28869,500,COAST
236.8,97855.9,329.883,1.28512,500,COAST
236.9,97888.9,328.902,1.28155,500,COAST
237,97921.7,327.921,1.27798,500,COAST
237.1,97954.4,326.941,1.2744,500,COAST
237.2,97987.1,325.96,1.27083,500,COAST
237.3,98019.6,324.979,1.26725,500,COAST
237.4,98052.1,323.999,1.26367,500,COAST
237.5,98084.4,323.018,1.26009,500,COAST
237.6,98116.7,322.037,1.2565,500,COAST
237.7,98148.8,321.057,1.25292,500,COAST
237.8,98180.9,320.076,1.24933,500,COAST
237.9,98212.9,319.095,1.24574,500,COAST
238,98244.7,318.115,1.24215,500,COAST
238.1,98276.5,317.134,1.23855,500,COAST
238.2,98308.1,316.153,1.23495,500,COAST
238.3,98339.7,315.173,1.23136,500,COAST
238.4,98371.2,314.192,1.22775,500,COAST
238.5,98402.5,313.211,1.22415,500,COAST
238.6,98433.8,312.231,1.22055,500,COAST
238.7,98465,311.25,1.21694,500,COAST
238.8,98496.1,310.269,1.21333,500,COAST
238.9,98527,309.289,1.20972,500,COAST
239,98557.9,308.308,1.20611,500,COAST
239.1,98588.7,307.327,1.20249,500,COAST
239.2,98619.4,306.347,1.19888,500,COAST
239.3,98650,305.366,1.19526,500,COAST
239.4,98680.5,304.385,1.19164,500,COAST
239.5,98710.9,303.405,1.18801,500,COAST
239.6,98741.1,302.424,1.18439,500,COAST
239.7,98771.3,301.443,1.18076,500,COAST
239.8,98801.4,300.463,1.17713,500,COAST
239.9,98831.4,299.482,1.1735,500,COAST
240,98861.3,298.501,1.16987,500,COAST
240.1,98891.1,297.521,1.16623,500,COAST
240.2,98920.8,296.54,1.1626,500,COAST
240.3,98950.4,295.559,1.15896,500,COAST
240.4,98979.9,294.579,1.15532,500,COAST
240.5,99009.4,293.598,1.15168,500,COAST
240.6,99038.7,292.617,1.14803,500,COAST
240.7,99067.9,291.637,1.14439,500,COAST
240.8,99097,290.656,1.14074,500,COAST
240.9,99126,289.675,1.13709,500,COAST
241,99154.9,288.695,1.13344,500,COAST
241.1,99183.7,287.714,1.12978,500,COAST
241.2,99212.5,286.733,1.12613,500,COAST
241.3,99241.1,285.753,1.12247,500,COAST
241.4,99269.6,284.772,1.11881,500,COAST
241.5,99298,283.791,1.11515,500,COAST
241.6,99326.4,282.811,1.11148,500,COAST
241.7,99354.6,281.83,1.10782,500,COAST
241.8,99382.7,280.849,1.10415,500,COAST
241.9,99410.8,279.869,1.10048,500,COAST
242,99438.7,278.888,1.09681,500,COAST
242.1,99466.6,277.907,1.09314,500,COAST
242.2,99494.3,276.927,1.08946,500,COAST
242.3,99521.9,275.946,1.08579,500,COAST
242.4,99549.5,274.965,1.08211,500,COAST
242.5,99576.9,273.985,1.07843,500,COAST
242.6,99604.3,273.004,1.07475,500,COAST
242.7,99631.5,272.023,1.07106,500,COAST
242.8,99658.7,271.043,1.06738,500,COAST
242.9,99685.7,270.062,1.06369,500,COAST
243,99712.7,269.081,1.06,500,COAST
243.1,99739.6,268.101,1.05631,500,COAST
243.2,99766.3,267.12,1.05262,500,COAST
243.3,99793,266.139,1.04892,500,COAST
243.4,99819.6,265.159,1.04523,500,COAST
243.5,99846,264.178,1.04153,500,COAST
243.6,99872.4,263.197,1.03783,500,COAST
243.7,99898.7,262.217,1.03413,500,COAST
243.8,99924.8,261.236,1.03042,500,COAST
243.9,99950.9,260.255,1.02672,500,COAST
244,99976.9,259.275,1.02301,500,COAST
244.1,100003,258.294,1.0193,500,COAST
244.2,100029,257.313,1.01559,500,COAST
244.3,100054,256.333,1.01188,500,COAST
244.4,100080,255.352,1.00817,500,COAST
244.5,100105,254.371,1.00445,500,COAST
244.6,100131,253.391,1.00073,500,COAST
244.7,100156,252.41,0.997013,500,COAST
244.8,100181,251.429,0.993292,500,COAST
244.9,100206,250.449,0.989569,500,COAST
245,100231,249.468,0.985845,500,COAST
245.1,100256,248.487,0.982119,500,COAST
245.2,100281,247.507,0.978391,500,COAST
245.3,100306,246.526,0.974662,500,COAST
245.4,100330,245.545,0.970931,500,COAST
245.5,100355,244.565,0.967198,500,COAST
245.6,100379,243.584,0.963463,500,COAST
245.7,100403,242.603,0.959727,500,COAST
245.8,100428,241.623,0.95599,500,COAST
245.9,100452,240.642,0.95225,500,COAST
246,100476,239.661,0.948509,500,COAST
246.1,100500,238.681,0.944766,500,COAST
246.2,100524,237.7,0.941022,500,COAST
246.3,100547,236.719,0.937276,500,COAST
246.4,100571,235.739,0.933528,500,COAST
246.5,100594,234.758,0.929779,500,COAST
246.6,100618,233.777,0.926028,500,COAST
246.7,100641,232.797,0.922275,500,COAST
246.8,100664,231.816,0.918521,500,COAST
246.9,100688,230.835,0.914766,500,COAST
247,100711,229.855,0.911008,500,COAST
247.1,100734,228.874,0.907249,500,COAST
247.2,100756,227.893,0.903489,500,COAST
247.3,100779,226.913,0.899727,500,COAST
247.4,100802,225.932,0.895963,500,COAST
247.5,100824,224.951,0.892198,500,COAST
247.6,100847,223.971,0.888431,500,COAST
247.7,100869,222.99,0.884663,500,COAST
247.8,100891,222.009,0.880893,500,COAST
247.9,100913,221.029,0.877121,500,COAST
248,100936,220.048,0.873348,500,COAST
248.1,100957,219.067,0.869574,500,COAST
248.2,100979,218.087,0.865798,500,COAST
248.3,101001,217.106,0.86202,500,COAST
248.4,101023,216.125,0.858241,500,COAST
248.5,101044,215.145,0.854461,500,COAST
248.6,101066,214.164,0.850679,500,COAST
248.7,101087,213.183,0.846895,500,COAST
248.8,101108,212.203,0.84311,500,COAST
248.9,101130,211.222,0.839323,500,COAST
249,101151,210.241,0.835535,500,COAST
249.1,101172,209.261,0.831746,500,COAST
249.2,101193,208.28,0.827955,500,COAST
249.3,101213,207.3,0.824162,500,COAST
249.4,101234,206.319,0.820368,500,COAST
249.5,101255,205.338,0.816573,500,COAST
249.6,101275,204.358,0.812776,500,COAST
249.7,101295,203.377,0.808978,500,COAST
249.8,101316,202.396,0.805178,500,COAST
249.9,101336,201.416,0.801377,500,COAST
250,101356,200.435,0.797575,500,COAST
250.1,101376,199.454,0.793771,500,COAST
250.2,101396,198.474,0.789965,500,COAST
250.3,101416,197.493,0.786159,500,COAST
250.4,101435,196.512,0.78235,500,COAST
250.5,101455,195.532,0.778541,500,COAST
250.6,101475,194.551,0.77473,500,COAST
250.7,101494,193.57,0.770918,500,COAST
250.8,101513,192.59,0.767104,500,COAST
250.9,101532,191.609,0.763289,500,COAST
251,101552,190.628,0.759473,500,COAST
251.1,101571,189.648,0.755655,500,COAST
251.2,101589,188.667,0.751836,500,COAST
251.3,101608,187.686,0.748015,500,COAST
251.4,101627,186.706,0.744193,500,COAST
251.5,101646,185.725,0.74037,500,COAST
251.6,101664,184.744,0.736546,500,COAST
251.7,101683,183.764,0.73272,500,COAST
251.8,101701,182.783,0.728893,500,COAST
251.9,101719,181.802,0.725065,500,COAST
252,101737,180.822,0.721235,500,COAST
252.1,101755,179.841,0.717404,500,COAST
252.2,101773,178.86,0.713572,500,COAST
252.3,101791,177.88,0.709738,500,COAST
252.4,101809,176.899,0.705904,500,COAST
252.5,101826,175.918,0.702067,500,COAST
252.6,101844,174.938,0.69823,500,COAST
252.7,101861,173.957,0.694392,500,COAST
252.8,101879,172.976,0.690552,500,COAST
252.9,101896,171.996,0.686711,500,COAST
253,101913,171.015,0.682868,500,COAST
253.1,101930,170.034,0.679025,500,COAST
253.2,101947,169.054,0.67518,500,COAST
253.3,101964,168.073,0.671334,500,COAST
253.4,101981,167.092,0.667487,500,COAST
253.5,101997,166.112,0.663638,500,COAST
253.6,102014,165.131,0.659789,500,COAST
253.7,102030,164.15,0.655938,500,COAST
253.8,102047,163.17,0.652086,500,COAST
253.9,102063,162.189,0.648233,500,COAST
254,102079,161.208,0.644379,500,COAST
254.1,102095,160.228,0.640523,500,COAST
254.2,102111,159.247,0.636667,500,COAST
254.3,102127,158.266,0.632809,500,COAST
254.4,102143,157.286,0.62895,500,COAST
254.5,102159,156.305,0.62509,500,COAST
254.6,102174,155.324,0.621229,500,COAST
254.7,102190,154.344,0.617366,500,COAST
254.8,102205,153.363,0.613503,500,COAST
254.9,102220,152.382,0.609638,500,COAST
255,102236,151.402,0.605773,500,COAST
255.1,102251,150.421,0.601906,500,COAST
255.2,102266,149.44,0.598038,500,COAST
255.3,102281,148.46,0.594169,500,COAST
255.4,102295,147.479,0.590299,500,COAST
255.5,102310,146.498,0.586428,500,COAST
255.6,102325,145.518,0.582556,500,COAST
255.7,102339,144.537,0.578683,500,COAST
255.8,102354,143.556,0.574808,500,COAST
255.9,102368,142.576,0.570933,500,COAST
256,102382,141.595,0.567057,500,COAST
256.1,102396,140.614,0.563179,500,COAST
256.2,102410,139.634,0.559301,500,COAST
256.3,102424,138.653,0.555421,500,COAST
256.4,102438,137.672,0.551541,500,COAST
256.5,102452,136.692,0.54766,500,COAST
256.6,102465,135.711,0.543777,500,COAST
256.7,102479,134.73,0.539894,500,COAST
256.8,102492,133.75,0.536009,500,COAST
256.9,102506,132.769,0.532124,500,COAST
257,102519,131.788,0.528237,500,COAST
257.1,102532,130.808,0.52435,500,COAST
257.2,102545,129.827,0.520462,500,COAST
257.3,102558,128.846,0.516572,500,COAST
257.4,102571,127.866,0.512682,500,COAST
257.5,102583,126.885,0.508791,500,COAST
257.6,102596,125.904,0.504899,500,COAST
257.7,102609,124.924,0.501006,500,COAST
257.8,102621,123.943,0.497112,500,COAST
257.9,102633,122.962,0.493217,500,COAST
258,102646,121.982,0.489322,500,COAST
258.1,102658,121.001,0.485425,500,COAST
258.2,102670,120.02,0.481527,500,COAST
258.3,102682,119.04,0.477629,500,COAST
258.4,102694,118.059,0.47373,500,COAST
258.5,102705,117.078,0.46983,500,COAST
258.6,102717,116.098,0.465928,500,COAST
258.7,102729,115.117,0.462027,500,COAST
258.8,102740,114.136,0.458124,500,COAST
258.9,102751,113.156,0.45422,500,COAST
259,102763,112.175,0.450316,500,COAST
259.1,102774,111.194,0.446411,500,COAST
259.2,102785,110.214,0.442505,500,COAST
259.3,102796,109.233,0.438598,500,COAST
259.4,102807,108.252,0.43469,500,COAST
259.5,102818,107.272,0.430782,500,COAST
259.6,102828,106.291,0.426872,500,COAST
259.7,102839,105.31,0.422962,500,COAST
259.8,102849,104.33,0.419051,500,COAST
259.9,102860,103.349,0.41514,500,COAST
260,102870,102.368,0.411227,500,COAST
260.1,102880,101.388,0.407314,500,COAST
260.2,102890,100.407,0.4034,500,COAST
260.3,102900,99.4263,0.399486,500,COAST
260.4,102910,98.4457,0.39557,500,COAST
260.5,102920,97.465,0.391654,500,COAST
260.6,102930,96.4844,0.387737,500,COAST
260.7,102939,95.5037,0.38382,500,COAST
260.8,102949,94.523,0.379901,500,COAST
260.9,102958,93.5424,0.375982,500,COAST
261,102967,92.5617,0.372063,500,COAST
261.1,102977,91.581,0.368142,500,COAST
261.2,102986,90.6004,0.364221,500,COAST
261.3,102995,89.6197,0.3603,500,COAST
261.4,103004,88.639,0.356377,500,COAST
261.5,103013,87.6584,0.352454,500,COAST
261.6,103021,86.6777,0.348531,500,COAST
261.7,103030,85.697,0.344606,500,COAST
261.8,103038,84.7164,0.340681,500,COAST
261.9,103047,83.7357,0.336756,500,COAST
262,103055,82.755,0.332829,500,COAST
262.1,103063,81.7744,0.328903,500,COAST
262.2,103072,80.7937,0.324975,500,COAST
262.3,103080,79.813,0.321047,500,COAST
262.4,103087,78.8324,0.317118,500,COAST
262.5,103095,77.8517,0.313189,500,COAST
262.6,103103,76.8711,0.309259,500,COAST
262.7,103111,75.8904,0.305329,500,COAST
262.8,103118,74.9097,0.301398,500,COAST
262.9,103126,73.9291,0.297466,500,COAST
263,103133,72.9484,0.293534,500,COAST
263.1,103140,71.9677,0.289601,500,COAST
263.2,103147,70.9871,0.285668,500,COAST
263.3,103154,70.0064,0.281735,500,COAST
263.4,103161,69.0257,0.2778,500,COAST
263.5,103168,68.0451,0.273865,500,COAST
263.6,103175,67.0644,0.26993,500,COAST
263.7,103182,66.0837,0.265994,500,COAST
263.8,103188,65.1031,0.262058,500,COAST
263.9,103195,64.1224,0.258121,500,COAST
264,103201,63.1417,0.254184,500,COAST
264.1,103207,62.1611,0.250246,500,COAST
264.2,103213,61.1804,0.246308,500,COAST
264.3,103220,60.1997,0.242369,500,COAST
264.4,103226,59.2191,0.23843,500,COAST
264.5,103231,58.2384,0.234491,500,COAST
264.6,103237,57.2578,0.230551,500,COAST
264.7,103243,56.2771,0.22661,500,COAST
264.8,103248,55.2964,0.22267,500,COAST
264.9,103254,54.3158,0.218728,500,COAST
265,103259,53.3351,0.214787,500,COAST
265.1,103265,52.3544,0.210844,500,COAST
265.2,103270,51.3738,0.206902,500,COAST
265.3,103275,50.3931,0.202959,500,COAST
265.4,103280,49.4124,0.199016,500,COAST
265.5,103285,48.4318,0.195072,500,COAST
265.6,103290,47.4511,0.191128,500,COAST
265.7,103294,46.4704,0.187184,500,COAST
265.8,103299,45.4898,0.183239,500,COAST
265.9,103303,44.5091,0.179294,500,COAST
266,103308,43.5284,0.175349,500,COAST
266.1,103312,42.5478,0.171403,500,COAST
266.2,103316,41.5671,0.167457,500,COAST
266.3,103320,40.5864,0.163511,500,COAST
266.4,103324,39.6058,0.159564,500,COAST
266.5,103328,38.6251,0.155617,500,COAST
266.6,103332,37.6445,0.15167,500,COAST
266.7,103336,36.6638,0.147722,500,COAST
266.8,103339,35.6831,0.143774,500,COAST
266.9,103343,34.7025,0.139826,500,COAST
267,103346,33.7218,0.135878,500,COAST
267.1,103350,32.7411,0.131929,500,COAST
267.2,103353,31.7605,0.12798,500,COAST
267.3,103356,30.7798,0.124031,500,COAST
267.4,103359,29.7991,0.120082,500,COAST
267.5,103362,28.8185,0.116132,500,COAST
267.6,103365,27.8378,0.112183,500,COAST
267.7,103368,26.8571,0.108233,500,COAST
267.8,103370,25.8765,0.104282,500,COAST
267.9,103373,24.8958,0.100332,500,COAST
268,103375,23.9151,0.0963813,500,COAST
268.1,103378,22.9345,0.0924305,500,COAST
268.2,103380,21.9538,0.0884796,500,COAST
268.3,103382,20.9731,0.0845284,500,COAST
268.4,103384,19.9925,0.0805771,500,COAST
268.5,103386,19.0118,0.0766257,500,COAST
268.6,103388,18.0312,0.0726741,500,COAST
268.7,103389,17.0505,0.0687223,500,COAST
268.8,103391,16.0698,0.0647705,500,COAST
268.9,103393,15.0892,0.0608185,500,COAST
269,103394,14.1085,0.0568664,500,COAST
269.1,103396,13.1278,0.0529141,500,COAST
269.2,103397,12.1472,0.0489618,500,COAST
269.3,103398,11.1665,0.0450094,500,COAST
269.4,103399,10.1858,0.0410569,500,COAST
269.5,103400,9.20517,0.0371043,500,COAST
269.6,103401,8.2245,0.0331516,500,COAST
269.7,103402,7.24384,0.0291989,500,COAST
269.8,103402,6.26317,0.0252461,500,COAST
269.9,103403,5.28251,0.0212932,500,COAST
270,103403,4.30184,0.0173403,500,COAST
270.1,103404,3.32118,0.0133874,500,COAST
270.2,103404,2.34051,0.00943444,500,COAST
270.3,103404,1.35985,0.00548146,500,COAST
270.4,103404,0.379182,0.00152846,500,COAST
270.5,103404,-0.601483,0.00242454,500,APOGEE
270.6,103404,-1.58215,0.00637755,500,DESCENT
270.7,103404,-2.56281,0.0103305,500,DESCENT
270.8,103404,-3.54348,0.0142835,500,DESCENT
270.9,103403,-4.52414,0.0182365,500,DESCENT
271,103403,-5.50481,0.0221894,500,DESCENT
271.1,103402,-6.48547,0.0261423,500,DESCENT
271.2,103401,-7.46614,0.0300952,500,DESCENT
271.3,103401,-8.4468,0.034048,500,DESCENT
271.4,103400,-9.42747,0.0380007,500,DESCENT
271.5,103399,-10.4081,0.0419534,500,DESCENT
271.6,103398,-11.3888,0.045906,500,DESCENT
271.7,103397,-12.3695,0.0498585,500,DESCENT
271.8,103395,-13.3501,0.053811,500,DESCENT
271.9,103394,-14.3308,0.0577633,500,DESCENT
272,103392,-15.3115,0.0617155,500,DESCENT
272.1,103391,-16.2921,0.0656677,500,DESCENT
272.2,103389,-17.2728,0.0696197,500,DESCENT
272.3,103387,-18.2535,0.0735716,500,DESCENT
272.4,103385,-19.2341,0.0775233,500,DESCENT
272.5,103383,-20.2148,0.0814749,500,DESCENT
272.6,103381,-21.1954,0.0854264,500,DESCENT
272.7,103379,-22.1761,0.0893777,500,DESCENT
272.8,103377,-23.1568,0.0933289,500,DESCENT
272.9,103375,-24.1374,0.0972799,500,DESCENT
273,103372,-25.1181,0.101231,500,DESCENT
273.1,103370,-26.0988,0.105181,500,DESCENT
273.2,103367,-27.0794,0.109132,500,DESCENT
273.3,103364,-28.0601,0.113082,500,DESCENT
273.4,103361,-29.0408,0.117032,500,DESCENT
273.5,103358,-30.0214,0.120982,500,DESCENT
273.6,103355,-31.0021,0.124931,500,DESCENT
273.7,103352,-31.9828,0.128881,500,DESCENT
273.8,103349,-32.9634,0.13283,500,DESCENT
273.9,103346,-33.9441,0.136779,500,DESCENT
274,103342,-34.9248,0.140727,500,DESCENT
274.1,103339,-35.9054,0.144676,500,DESCENT
274.2,103335,-36.8861,0.148624,500,DESCENT
274.3,103331,-37.8668,0.152572,500,DESCENT
274.4,103327,-38.8474,0.156519,500,DESCENT
274.5,103323,-39.8281,0.160467,500,DESCENT
274.6,103319,-40.8087,0.164414,500,DESCENT
274.7,103315,-41.7894,0.16836,500,DESCENT
274.8,103311,-42.7701,0.172307,500,DESCENT
274.9,103307,-43.7507,0.176253,500,DESCENT
275,103302,-44.7314,0.180199,500,DESCENT
275.1,103298,-45.7121,0.184144,500,DESCENT
275.2,103293,-46.6927,0.188089,500,DESCENT
275.3,103288,-47.6734,0.192034,500,DESCENT
275.4,103284,-48.6541,0.195978,500,DESCENT
275.5,103279,-49.6347,0.199922,500,DESCENT
275.6,103274,-50.6154,0.203866,500,DESCENT
275.7,103269,-51.5961,0.207809,500,DESCENT
275.8,103263,-52.5767,0.211752,500,DESCENT
275.9,103258,-53.5574,0.215695,500,DESCENT
276,103253,-54.5381,0.219637,500,DESCENT
276.1,103247,-55.5187,0.223579,500,DESCENT
276.2,103242,-56.4994,0.22752,500,DESCENT
276.3,103236,-57.4801,0.231461,500,DESCENT
276.4,103230,-58.4607,0.235401,500,DESCENT
276.5,103224,-59.4414,0.239341,500,DESCENT
276.6,103218,-60.422,0.243281,500,DESCENT
276.7,103212,-61.4027,0.24722,500,DESCENT
276.8,103206,-62.3834,0.251159,500,DESCENT
276.9,103200,-63.364,0.255097,500,DESCENT
277,103193,-64.3447,0.259035,500,DESCENT
277.1,103187,-65.3254,0.262972,500,DESCENT
277.2,103180,-66.306,0.266909,500,DESCENT
277.3,103173,-67.2867,0.270845,500,DESCENT
277.4,103167,-68.2674,0.274781,500,DESCENT
277.5,103160,-69.248,0.278716,500,DESCENT
277.6,103153,-70.2287,0.282651,500,DESCENT
277.7,103146,-71.2094,0.286586,500,DESCENT
277.8,103139,-72.19,0.290519,500,DESCENT
277.9,103131,-73.1707,0.294453,500,DESCENT
278,103124,-74.1514,0.298385,500,DESCENT
278.1,103117,-75.132,0.302318,500,DESCENT
278.2,103109,-76.1127,0.306249,500,DESCENT
278.3,103101,-77.0934,0.31018,500,DESCENT
278.4,103094,-78.074,0.314111,500,DESCENT
278.5,103086,-79.0547,0.318041,500,DESCENT
278.6,103078,-80.0353,0.32197,500,DESCENT
278.7,103070,-81.016,0.325899,500,DESCENT
278.8,103062,-81.9967,0.329827,500,DESCENT
278.9,103053,-82.9773,0.333754,500,DESCENT
279,103045,-83.958,0.337681,500,DESCENT
279.1,103036,-84.9387,0.341608,500,DESCENT
279.2,103028,-85.9193,0.345533,500,DESCENT
279.3,103019,-86.9,0.349458,500,DESCENT
279.4,103011,-87.8807,0.353383,500,DESCENT
279.5,103002,-88.8613,0.357306,500,DESCENT
279.6,102993,-89.842,0.36123,500,DESCENT
279.7,102984,-90.8227,0.365152,500,DESCENT
279.8,102975,-91.8033,0.369074,500,DESCENT
279.9,102965,-92.784,0.372995,500,DESCENT
280,102956,-93.7647,0.376915,500,DESCENT
280.1,102947,-94.7453,0.380835,500,DESCENT
280.2,102937,-95.726,0.384754,500,DESCENT
280.3,102927,-96.7067,0.388672,500,DESCENT
280.4,102918,-97.6873,0.39259,500,DESCENT
280.5,102908,-98.668,0.396507,500,DESCENT
280.6,102898,-99.6486,0.400423,500,DESCENT
280.7,102888,-100.629,0.404339,500,DESCENT
280.8,102878,-101.61,0.408253,500,DESCENT
280.9,102868,-102.591,0.412167,500,DESCENT
281,102857,-103.571,0.416081,500,DESCENT
281.1,102847,-104.552,0.419993,500,DESCENT
281.2,102836,-105.533,0.423905,500,DESCENT
281.3,102826,-106.513,0.427816,500,DESCENT
281.4,102815,-107.494,0.431726,500,DESCENT
281.5,102804,-108.475,0.435635,500,DESCENT
281.6,102793,-109.455,0.439544,500,DESCENT
281.7,102782,-110.436,0.443452,500,DESCENT
281.8,102771,-111.417,0.447359,500,DESCENT
281.9,102760,-112.397,0.451265,500,DESCENT
282,102749,-113.378,0.45517,500,DESCENT
282.1,102738,-114.359,0.459074,500,DESCENT
282.2,102726,-115.339,0.462978,500,DESCENT
282.3,102714,-116.32,0.466881,500,DESCENT
282.4,102703,-117.301,0.470783,500,DESCENT
282.5,102691,-118.281,0.474684,500,DESCENT
282.6,102679,-119.262,0.478584,500,DESCENT
282.7,102667,-120.243,0.482484,500,DESCENT
282.8,102655,-121.223,0.486382,500,DESCENT
282.9,102643,-122.204,0.49028,500,DESCENT
283,102631,-123.185,0.494177,500,DESCENT
283.1,102618,-124.165,0.498072,500,DESCENT
283.2,102606,-125.146,0.501967,500,DESCENT
283.3,102593,-126.127,0.505861,500,DESCENT
283.4,102581,-127.107,0.509754,500,DESCENT
283.5,102568,-128.088,0.513647,500,DESCENT
283.6,102555,-129.069,0.517538,500,DESCENT
283.7,102542,-130.049,0.521428,500,DESCENT
283.8,102529,-131.03,0.525317,500,DESCENT
283.9,102516,-132.011,0.529206,500,DESCENT
284,102503,-132.991,0.533093,500,DESCENT
284.1,102489,-133.972,0.53698,500,DESCENT
284.2,102476,-134.953,0.540865,500,DESCENT
284.3,102462,-135.933,0.54475,500,DESCENT
284.4,102449,-136.914,0.548633,500,DESCENT
284.5,102435,-137.895,0.552516,500,DESCENT
284.6,102421,-138.875,0.556397,500,DESCENT
284.7,102407,-139.856,0.560278,500,DESCENT
284.8,102393,-140.837,0.564158,500,DESCENT
284.9,102379,-141.817,0.568036,500,DESCENT
285,102365,-142.798,0.571914,500,DESCENT
285.1,102350,-143.779,0.57579,500,DESCENT
285.2,102336,-144.759,0.579665,500,DESCENT
285.3,102321,-145.74,0.58354,500,DESCENT
285.4,102307,-146.721,0.587413,500,DESCENT
285.5,102292,-147.701,0.591285,500,DESCENT
285.6,102277,-148.682,0.595157,500,DESCENT
285.7,102262,-149.663,0.599027,500,DESCENT
285.8,102247,-150.643,0.602896,500,DESCENT
285.9,102232,-151.624,0.606764,500,DESCENT
286,102217,-152.605,0.610631,500,DESCENT
286.1,102202,-153.585,0.614496,500,DESCENT
286.2,102186,-154.566,0.618361,500,DESCENT
286.3,102171,-155.547,0.622225,500,DESCENT
286.4,102155,-156.527,0.626087,500,DESCENT
286.5,102139,-157.508,0.629948,500,DESCENT
286.6,102124,-158.489,0.633808,500,DESCENT
286.7,102108,-159.469,0.637668,500,DESCENT
286.8,102092,-160.45,0.641525,500,DESCENT
286.9,102076,-161.431,0.645382,500,DESCENT
287,102059,-162.411,0.649238,500,DESCENT
287.1,102043,-163.392,0.653092,500,DESCENT
287.2,102027,-164.373,0.656945,500,DESCENT
287.3,102010,-165.353,0.660797,500,DESCENT
287.4,101994,-166.334,0.664648,500,DESCENT
287.5,101977,-167.315,0.668498,500,DESCENT
287.6,101960,-168.295,0.672347,500,DESCENT
287.7,101943,-169.276,0.676194,500,DESCENT
287.8,101926,-170.257,0.68004,500,DESCENT
287.9,101909,-171.237,0.683885,500,DESCENT
288,101892,-172.218,0.687728,500,DESCENT
288.1,101875,-173.199,0.691571,500,DESCENT
288.2,101857,-174.179,0.695412,500,DESCENT
288.3,101840,-175.16,0.699252,500,DESCENT
288.4,101822,-176.141,0.703091,500,DESCENT
288.5,101805,-177.121,0.706928,500,DESCENT
288.6,101787,-178.102,0.710764,500,DESCENT
288.7,101769,-179.083,0.714599,500,DESCENT
288.8,101751,-180.063,0.718433,500,DESCENT
288.9,101733,-181.044,0.722265,500,DESCENT
289,101715,-182.025,0.726096,500,DESCENT
289.1,101697,-183.005,0.729926,500,DESCENT
289.2,101678,-183.986,0.733755,500,DESCENT
289.3,101660,-184.967,0.737582,500,DESCENT
289.4,101641,-185.947,0.741408,500,DESCENT
289.5,101623,-186.928,0.745232,500,DESCENT
289.6,101604,-187.908,0.749056,500,DESCENT
289.7,101585,-188.889,0.752877,500,DESCENT
289.8,101566,-189.87,0.756698,500,DESCENT
289.9,101547,-190.85,0.760517,500,DESCENT
290,101528,-191.831,0.764335,500,DESCENT
290.1,101509,-192.812,0.768152,500,DESCENT
290.2,101490,-193.792,0.771967,500,DESCENT
290.3,101470,-194.773,0.775781,500,DESCENT
290.4,101451,-195.754,0.779593,500,DESCENT
290.5,101431,-196.734,0.783404,500,DESCENT
290.6,101411,-197.715,0.787214,500,DESCENT
290.7,101391,-198.696,0.791022,500,DESCENT
290.8,101371,-199.676,0.794829,500,DESCENT
290.9,101351,-200.657,0.798634,500,DESCENT
291,101331,-201.638,0.802438,500,DESCENT
291.1,101311,-202.618,0.806241,500,DESCENT
291.2,101291,-203.599,0.810042,500,DESCENT
291.3,101270,-204.58,0.813842,500,DESCENT
291.4,101250,-205.56,0.817641,500,DESCENT
291.5,101229,-206.541,0.821437,500,DESCENT
291.6,101209,-207.522,0.825233,500,DESCENT
291.7,101188,-208.502,0.829027,500,DESCENT
291.8,101167,-209.483,0.83282,500,DESCENT
291.9,101146,-210.464,0.836611,500,DESCENT
292,101125,-211.444,0.8404,500,DESCENT
292.1,101104,-212.425,0.844189,500,DESCENT
292.2,101082,-213.406,0.847975,500,DESCENT
292.3,101061,-214.386,0.85176,500,DESCENT
292.4,101039,-215.367,0.855544,500,DESCENT
292.5,101018,-216.348,0.859326,500,DESCENT
292.6,100996,-217.328,0.863107,500,DESCENT
292.7,100974,-218.309,0.866886,500,DESCENT
292.8,100953,-219.29,0.870664,500,DESCENT
292.9,100931,-220.27,0.87444,500,DESCENT
293,100908,-221.251,0.878215,500,DESCENT
293.1,100886,-222.232,0.881988,500,DESCENT
293.2,100864,-223.212,0.885759,500,DESCENT
293.3,100842,-224.193,0.889529,500,DESCENT
293.4,100819,-225.174,0.893298,500,DESCENT
293.5,100797,-226.154,0.897065,500,DESCENT
293.6,100774,-227.135,0.90083,500,DESCENT
293.7,100751,-228.116,0.904594,500,DESCENT
293.8,100728,-229.096,0.908356,500,DESCENT
293.9,100705,-230.077,0.912117,500,DESCENT
294,100682,-231.058,0.915876,500,DESCENT
294.1,100659,-232.038,0.919633,500,DESCENT
294.2,100636,-233.019,0.923389,500,DESCENT
294.3,100613,-234,0.927143,500,DESCENT
294.4,100589,-234.98,0.930896,500,DESCENT
294.5,100566,-235.961,0.934647,500,DESCENT
294.6,100542,-236.942,0.938397,500,DESCENT
294.7,100518,-237.922,0.942144,500,DESCENT
294.8,100494,-238.903,0.945891,500,DESCENT
294.9,100470,-239.884,0.949635,500,DESCENT
295,100446,-240.864,0.953378,500,DESCENT
295.1,100422,-241.845,0.957119,500,DESCENT
295.2,100398,-242.826,0.960859,500,DESCENT
295.3,100374,-243.806,0.964597,500,DESCENT
295.4,100349,-244.787,0.968333,500,DESCENT
295.5,100325,-245.768,0.972068,500,DESCENT
295.6,100300,-246.748,0.975801,500,DESCENT
295.7,100275,-247.729,0.979532,500,DESCENT
295.8,100251,-248.71,0.983261,500,DESCENT
295.9,100226,-249.69,0.986989,500,DESCENT
296,100201,-250.671,0.990715,500,DESCENT
296.1,100175,-251.652,0.99444,500,DESCENT
296.2,100150,-252.632,0.998163,500,DESCENT
296.3,100125,-253.613,1.00188,500,DESCENT
296.4,100100,-254.594,1.0056,500,DESCENT
296.5,100074,-255.574,1.00932,500,DESCENT
296.6,100048,-256.555,1.01304,500,DESCENT
296.7,100023,-257.536,1.01675,500,DESCENT
296.8,99996.9,-258.516,1.02046,500,DESCENT
296.9,99971,-259.497,1.02417,500,DESCENT
297,99945,-260.478,1.02788,500,DESCENT
297.1,99918.9,-261.458,1.03159,500,DESCENT
297.2,99892.7,-262.439,1.0353,500,DESCENT
297.3,99866.4,-263.42,1.039,500,DESCENT
297.4,99840,-264.4,1.0427,500,DESCENT
297.5,99813.5,-265.381,1.0464,500,DESCENT
297.6,99787,-266.362,1.0501,500,DESCENT
297.7,99760.3,-267.342,1.0538,500,DESCENT
297.8,99733.5,-268.323,1.05749,500,DESCENT
297.9,99706.6,-269.304,1.06118,500,DESCENT
298,99679.6,-270.284,1.06487,500,DESCENT
298.1,99652.5,-271.265,1.06856,500,DESCENT
298.2,99625.4,-272.246,1.07225,500,DESCENT
298.3,99598.1,-273.226,1.07594,500,DESCENT
298.4,99570.7,-274.207,1.07962,500,DESCENT
298.5,99543.3,-275.188,1.0833,500,DESCENT
298.6,99515.7,-276.168,1.08698,500,DESCENT
298.7,99488,-277.149,1.09066,500,DESCENT
298.8,99460.3,-278.13,1.09434,500,DESCENT
298.9,99432.4,-279.11,1.09801,500,DESCENT
299,99404.4,-280.091,1.10169,500,DESCENT
299.1,99376.4,-281.072,1.10536,500,DESCENT
299.2,99348.2,-282.052,1.10903,500,DESCENT
299.3,99320,-283.033,1.11269,500,DESCENT
299.4,99291.6,-284.014,1.11636,500,DESCENT
299.5,99263.2,-284.994,1.12002,500,DESCENT
299.6,99234.6,-285.975,1.12368,500,DESCENT
299.7,99206,-286.956,1.12734,500,DESCENT
299.8,99177.2,-287.936,1.131,500,DESCENT
299.9,99148.4,-288.917,1.13466,500,DESCENT
300,99119.4,-289.898,1.13831,500,DESCENT
300.1,99090.4,-290.878,1.14196,500,DESCENT
300.2,99061.3,-291.859,1.14561,500,DESCENT
300.3,99032,-292.84,1.14926,500,DESCENT
300.4,99002.7,-293.82,1.15291,500,DESCENT
300.5,98973.3,-294.801,1.15655,500,DESCENT
300.6,98943.7,-295.782,1.1602,500,DESCENT
300.7,98914.1,-296.762,1.16384,500,DESCENT
300.8,98884.4,-297.743,1.16747,500,DESCENT
300.9,98854.6,-298.724,1.17111,500,DESCENT
301,98824.6,-299.704,1.17475,500,DESCENT
301.1,98794.6,-300.685,1.17838,500,DESCENT
301.2,98764.5,-301.666,1.18201,500,DESCENT
301.3,98734.3,-302.646,1.18564,500,DESCENT
301.4,98704,-303.627,1.18927,500,DESCENT
301.5,98673.6,-304.608,1.19289,500,DESCENT
301.6,98643.1,-305.588,1.19651,500,DESCENT
301.7,98612.4,-306.569,1.20013,500,DESCENT
301.8,98581.7,-307.55,1.20375,500,DESCENT
301.9,98550.9,-308.53,1.20737,500,DESCENT
302,98520,-309.511,1.21099,500,DESCENT
302.1,98489,-310.492,1.2146,500,DESCENT
302.2,98457.9,-311.472,1.21821,500,DESCENT
302.3,98426.7,-312.453,1.22182,500,DESCENT
302.4,98395.4,-313.434,1.22543,500,DESCENT
302.5,98364.1,-314.414,1.22903,500,DESCENT
302.6,98332.6,-315.395,1.23263,500,DESCENT
302.7,98301,-316.376,1.23623,500,DESCENT
302.8,98269.3,-317.356,1.23983,500,DESCENT
302.9,98237.5,-318.337,1.24343,500,DESCENT
303,98205.6,-319.318,1.24702,500,DESCENT
303.1,98173.6,-320.298,1.25062,500,DESCENT
303.2,98141.6,-321.279,1.25421,500,DESCENT
303.3,98109.4,-322.26,1.2578,500,DESCENT
303.4,98077.1,-323.24,1.26138,500,DESCENT
303.5,98044.7,-324.221,1.26497,500,DESCENT
303.6,98012.3,-325.202,1.26855,500,DESCENT
303.7,97979.7,-326.182,1.27213,500,DESCENT
303.8,97947,-327.163,1.27571,500,DESCENT
303.9,97914.3,-328.144,1.27929,500,DESCENT
304,97881.4,-329.124,1.28286,500,DESCENT
304.1,97848.4,-330.105,1.28643,500,DESCENT
304.2,97815.4,-331.086,1.29,500,DESCENT
304.3,97782.2,-332.066,1.29357,500,DESCENT
304.4,97749,-333.047,1.29714,500,DESCENT
304.5,97715.6,-334.028,1.3007,500,DESCENT
304.6,97682.2,-335.008,1.30426,500,DESCENT
304.7,97648.6,-335.989,1.30782,500,DESCENT
304.8,97615,-336.97,1.31138,500,DESCENT
304.9,97581.2,-337.95,1.31493,500,DESCENT
305,97547.4,-338.931,1.31849,500,DESCENT
305.1,97513.4,-339.912,1.32204,500,DESCENT
305.2,97479.4,-340.892,1.32559,500,DESCENT
305.3,97445.2,-341.873,1.32913,500,DESCENT
305.4,97411,-342.854,1.33268,500,DESCENT
305.5,97376.7,-343.834,1.33622,500,DESCENT
305.6,97342.2,-344.815,1.33976,500,DESCENT
305.7,97307.7,-345.796,1.3433,500,DESCENT
305.8,97273.1,-346.776,1.34683,500,DESCENT
305.9,97238.4,-347.757,1.35037,500,DESCENT
306,97203.5,-348.738,1.3539,500,DESCENT
306.1,97168.6,-349.718,1.35743,500,DESCENT
306.2,97133.6,-350.699,1.36096,500,DESCENT
306.3,97098.5,-351.68,1.36448,500,DESCENT
306.4,97063.3,-352.66,1.368,500,DESCENT
306.5,97027.9,-353.641,1.37153,500,DESCENT
306.6,96992.5,-354.622,1.37504,500,DESCENT
306.7,96957,-355.602,1.37856,500,DESCENT
306.8,96921.4,-356.583,1.38207,500,DESCENT
306.9,96885.7,-357.564,1.38559,500,DESCENT
307,96849.9,-358.544,1.3891,500,DESCENT
307.1,96814,-359.525,1.3926,500,DESCENT
307.2,96778,-360.506,1.39611,500,DESCENT
307.3,96741.9,-361.486,1.39961,500,DESCENT
307.4,96705.7,-362.467,1.40311,500,DESCENT
307.5,96669.4,-363.447,1.40661,500,DESCENT
307.6,96633,-364.428,1.41011,500,DESCENT
307.7,96596.5,-365.409,1.4136,500,DESCENT
307.8,96559.9,-366.389,1.41709,500,DESCENT
307.9,96523.2,-367.37,1.42058,500,DESCENT
308,96486.4,-368.351,1.42407,500,DESCENT
308.1,96449.6,-369.331,1.42756,500,DESCENT
308.2,96412.6,-370.312,1.43104,500,DESCENT
308.3,96375.5,-371.293,1.43452,500,DESCENT
308.4,96338.3,-372.273,1.438,500,DESCENT
308.5,96301,-373.254,1.44148,500,DESCENT
308.6,96263.7,-374.235,1.44495,500,DESCENT
308.7,96226.2,-375.215,1.44842,500,DESCENT
308.8,96188.6,-376.196,1.45189,500,DESCENT
308.9,96151,-377.177,1.45536,500,DESCENT
309,96113.2,-378.157,1.45882,500,DESCENT
309.1,96075.3,-379.138,1.46229,500,DESCENT
309.2,96037.4,-380.119,1.46575,500,DESCENT
309.3,95999.3,-381.099,1.4692,500,DESCENT
309.4,95961.1,-382.08,1.47266,500,DESCENT
309.5,95922.9,-383.061,1.47611,500,DESCENT
309.6,95884.5,-384.041,1.47956,500,DESCENT
309.7,95846.1,-385.022,1.48301,500,DESCENT
309.8,95807.5,-386.003,1.48646,500,DESCENT
309.9,95768.9,-386.983,1.4899,500,DESCENT
310,95730.1,-387.964,1.49335,500,DESCENT
310.1,95691.3,-388.945,1.49679,500,DESCENT
310.2,95652.3,-389.925,1.50022,500,DESCENT
310.3,95613.3,-390.906,1.50366,500,DESCENT
310.4,95574.2,-391.887,1.50709,500,DESCENT
310.5,95534.9,-392.867,1.51052,500,DESCENT
310.6,95495.6,-393.848,1.51395,500,DESCENT
310.7,95456.2,-394.829,1.51737,500,DESCENT
310.8,95416.6,-395.809,1.5208,500,DESCENT
310.9,95377,-396.79,1.52422,500,DESCENT
311,95337.3,-397.771,1.52764,500,DESCENT
311.1,95297.4,-398.751,1.53105,500,DESCENT
311.2,95257.5,-399.732,1.53447,500,DESCENT
311.3,95217.5,-400.713,1.53788,500,DESCENT
311.4,95177.4,-401.693,1.54129,500,DESCENT
311.5,95137.2,-402.674,1.5447,500,DESCENT
311.6,95096.8,-403.655,1.5481,500,DESCENT
311.7,95056.4,-404.635,1.5515,500,DESCENT
311.8,95015.9,-405.616,1.5549,500,DESCENT
311.9,94975.3,-406.597,1.5583,500,DESCENT
312,94934.6,-407.577,1.56169,500,DESCENT
312.1,94893.8,-408.558,1.56509,500,DESCENT
312.2,94852.9,-409.539,1.56848,500,DESCENT
312.3,94811.9,-410.519,1.57186,500,DESCENT
312.4,94770.8,-411.5,1.57525,500,DESCENT
312.5,94729.6,-412.481,1.57863,500,DESCENT
312.6,94688.3,-413.461,1.58201,500,DESCENT
312.7,94646.9,-414.442,1.58539,500,DESCENT
312.8,94605.4,-415.423,1.58877,500,DESCENT
312.9,94563.8,-416.403,1.59214,500,DESCENT
313,94522.1,-417.384,1.59551,500,DESCENT
313.1,94480.3,-418.365,1.59888,500,DESCENT
313.2,94438.4,-419.345,1.60225,500,DESCENT
313.3,94396.5,-420.326,1.60561,500,DESCENT
313.4,94354.4,-421.307,1.60897,500,DESCENT
313.5,94312.2,-422.287,1.61233,500,DESCENT
313.6,94269.9,-423.268,1.61569,500,DESCENT
313.7,94227.5,-424.249,1.61904,500,DESCENT
313.8,94185.1,-425.229,1.6224,500,DESCENT
313.9,94142.5,-426.21,1.62574,500,DESCENT
314,94099.8,-427.191,1.62909,500,DESCENT
314.1,94057.1,-428.171,1.63244,500,DESCENT
314.2,94014.2,-429.152,1.63578,500,DESCENT
314.3,93971.2,-430.133,1.63912,500,DESCENT
314.4,93928.2,-431.113,1.64245,500,DESCENT
314.5,93885,-432.094,1.64579,500,DESCENT
314.6,93841.7,-433.075,1.64912,500,DESCENT
314.7,93798.4,-434.055,1.65245,500,DESCENT
314.8,93754.9,-435.036,1.65578,500,DESCENT
314.9,93711.4,-436.017,1.6591,500,DESCENT
315,93667.7,-436.997,1.66243,500,DESCENT
315.1,93624,-437.978,1.66575,500,DESCENT
315.2,93580.1,-438.959,1.66906,500,DESCENT
315.3,93536.2,-439.939,1.67238,500,DESCENT
315.4,93492.1,-440.92,1.67569,500,DESCENT
315.5,93448,-441.901,1.679,500,DESCENT
315.6,93403.8,-442.881,1.68231,500,DESCENT
315.7,93359.4,-443.862,1.68561,500,DESCENT
315.8,93315,-444.843,1.68892,500,DESCENT
315.9,93270.5,-445.823,1.69222,500,DESCENT
316,93225.8,-446.804,1.69551,500,DESCENT
316.1,93181.1,-447.785,1.69881,500,DESCENT
316.2,93136.3,-448.765,1.7021,500,DESCENT
316.3,93091.3,-449.746,1.70539,500,DESCENT
316.4,93046.3,-450.727,1.70868,500,DESCENT
316.5,93001.2,-451.707,1.71197,500,DESCENT
316.6,92956,-452.688,1.71525,500,DESCENT
316.7,92910.7,-453.669,1.71853,500,DESCENT
316.8,92865.2,-454.649,1.72181,500,DESCENT
316.9,92819.7,-455.63,1.72508,500,DESCENT
317,92774.1,-456.611,1.72835,500,DESCENT
317.1,92728.4,-457.591,1.73163,500,DESCENT
317.2,92682.6,-458.572,1.73489,500,DESCENT
317.3,92636.7,-459.553,1.73816,500,DESCENT
317.4,92590.7,-460.533,1.74142,500,DESCENT
317.5,92544.6,-461.514,1.74468,500,DESCENT
317.6,92498.4,-462.495,1.74794,500,DESCENT
317.7,92452.1,-463.475,1.75119,500,DESCENT
317.8,92405.7,-464.456,1.75445,500,DESCENT
317.9,92359.2,-465.437,1.7577,500,DESCENT
318,92312.6,-466.417,1.76094,500,DESCENT
318.1,92265.9,-467.398,1.76419,500,DESCENT
318.2,92219.1,-468.379,1.76743,500,DESCENT
318.3,92172.2,-469.359,1.77067,500,DESCENT
318.4,92125.3,-470.34,1.77391,500,DESCENT
318.5,92078.2,-471.321,1.77714,500,DESCENT
318.6,92031,-472.301,1.78038,500,DESCENT
318.7,91983.7,-473.282,1.78361,500,DESCENT
318.8,91936.3,-474.263,1.78683,500,DESCENT
318.9,91888.9,-475.243,1.79006,500,DESCENT
319,91841.3,-476.224,1.79328,500,DESCENT
319.1,91793.6,-477.205,1.7965,500,DESCENT
319.2,91745.8,-478.185,1.79972,500,DESCENT
319.3,91698,-479.166,1.80293,500,DESCENT
319.4,91650,-480.147,1.80614,500,DESCENT
319.5,91601.9,-481.127,1.80935,500,DESCENT
319.6,91553.8,-482.108,1.81256,500,DESCENT
319.7,91505.5,-483.089,1.81576,500,DESCENT
319.8,91457.2,-484.069,1.81897,500,DESCENT
319.9,91408.7,-485.05,1.82216,500,DESCENT
320,91360.2,-486.031,1.82536,500,DESCENT
320.1,91311.5,-487.011,1.82855,500,DESCENT
320.2,91262.8,-487.992,1.83175,500,DESCENT
320.3,91213.9,-488.972,1.83493,500,DESCENT
320.4,91165,-489.953,1.83812,500,DESCENT
320.5,91115.9,-490.934,1.8413,500,DESCENT
320.6,91066.8,-491.914,1.84449,500,DESCENT
320.7,91017.5,-492.895,1.84766,500,DESCENT
320.8,90968.2,-493.876,1.85084,500,DESCENT
320.9,90918.8,-494.856,1.85401,500,DESCENT
321,90869.2,-495.837,1.85718,500,DESCENT
321.1,90819.6,-496.818,1.86035,500,DESCENT
321.2,90769.9,-497.798,1.86352,500,DESCENT
321.3,90720,-498.779,1.86668,500,DESCENT
321.4,90670.1,-499.76,1.86984,500,DESCENT
321.5,90620.1,-500.74,1.873,500,DESCENT
321.6,90570,-501.721,1.87615,500,DESCENT
321.7,90519.7,-502.702,1.87931,500,DESCENT
321.8,90469.4,-503.682,1.88246,500,DESCENT
321.9,90419,-504.663,1.8856,500,DESCENT
322,90368.5,-505.644,1.88875,500,DESCENT
322.1,90317.9,-506.624,1.89189,500,DESCENT
322.2,90267.2,-507.605,1.89503,500,DESCENT
322.3,90216.3,-508.586,1.89817,500,DESCENT
322.4,90165.4,-509.566,1.9013,500,DESCENT
322.5,90114.4,-510.547,1.90443,500,DESCENT
322.6,90063.3,-511.528,1.90756,500,DESCENT
322.7,90012.1,-512.508,1.91069,500,DESCENT
322.8,89960.8,-513.489,1.91381,500,DESCENT
322.9,89909.4,-514.47,1.91694,500,DESCENT
323,89857.9,-515.45,1.92005,500,DESCENT
323.1,89806.3,-516.431,1.92317,500,DESCENT
323.2,89754.7,-517.412,1.92628,500,DESCENT
323.3,89702.9,-518.392,1.92939,500,DESCENT
323.4,89651,-519.373,1.9325,500,DESCENT
323.5,89599,-520.354,1.93561,500,DESCENT
323.6,89546.9,-521.334,1.93871,500,DESCENT
323.7,89494.7,-522.315,1.94181,500,DESCENT
323.8,89442.4,-523.296,1.94491,500,DESCENT
323.9,89390.1,-524.276,1.948,500,DESCENT
324,89337.6,-525.257,1.9511,500,DESCENT
324.1,89285,-526.238,1.95419,500,DESCENT
324.2,89232.3,-527.218,1.95727,500,DESCENT
324.3,89179.6,-528.199,1.96036,500,DESCENT
324.4,89126.7,-529.18,1.96344,500,DESCENT
324.5,89073.7,-530.16,1.96652,500,DESCENT
324.6,89020.7,-531.141,1.9696,500,DESCENT
324.7,88967.5,-532.122,1.97267,500,DESCENT
324.8,88914.2,-533.102,1.97574,500,DESCENT
324.9,88860.9,-534.083,1.97881,500,DESCENT
325,88807.4,-535.064,1.98188,500,DESCENT
325.1,88753.9,-536.044,1.98494,500,DESCENT
325.2,88700.2,-537.025,1.988,500,DESCENT
325.3,88646.5,-538.006,1.99106,500,DESCENT
325.4,88592.6,-538.986,1.99411,500,DESCENT
325.5,88538.7,-539.967,1.99717,500,DESCENT
325.6,88484.6,-540.948,2.00022,500,DESCENT
325.7,88430.5,-541.928,2.00326,500,DESCENT
325.8,88376.2,-542.909,2.00631,500,DESCENT
325.9,88321.9,-543.89,2.00935,500,DESCENT
326,88267.5,-544.87,2.01239,500,DESCENT
326.1,88212.9,-545.851,2.01543,500,DESCENT
326.2,88158.3,-546.832,2.01846,500,DESCENT
326.3,88103.6,-547.812,2.02149,500,DESCENT
326.4,88048.7,-548.793,2.02452,500,DESCENT
326.5,87993.8,-549.774,2.02755,500,DESCENT
326.6,87938.8,-550.754,2.03057,500,DESCENT
326.7,87883.6,-551.735,2.03359,500,DESCENT
326.8,87828.4,-552.716,2.03661,500,DESCENT
326.9,87773.1,-553.696,2.03963,500,DESCENT
327,87717.7,-554.677,2.04264,500,DESCENT
327.1,87662.2,-555.658,2.04565,500,DESCENT
327.2,87606.6,-556.638,2.04866,500,DESCENT
327.3,87550.8,-557.619,2.05166,500,DESCENT
327.4,87495,-558.6,2.05466,500,DESCENT
327.5,87439.1,-559.58,2.05766,500,DESCENT
327.6,87383.1,-560.561,2.06066,500,DESCENT
327.7,87327,-561.541,2.06366,500,DESCENT
327.8,87270.8,-562.522,2.06665,500,DESCENT
327.9,87214.5,-563.503,2.06964,500,DESCENT
328,87158.1,-564.483,2.07262,500,DESCENT
328.1,87101.6,-565.464,2.07561,500,DESCENT
328.2,87045,-566.445,2.07859,500,DESCENT
328.3,86988.3,-567.425,2.08157,500,DESCENT
328.4,86931.5,-568.406,2.08454,500,DESCENT
328.5,86874.6,-569.387,2.08751,500,DESCENT
328.6,86817.6,-570.367,2.09048,500,DESCENT
328.7,86760.6,-571.348,2.09345,500,DESCENT
328.8,86703.4,-572.329,2.09642,500,DESCENT
328.9,86646.1,-573.309,2.09938,500,DESCENT
329,86588.7,-574.29,2.10234,500,DESCENT
329.1,86531.2,-575.271,2.10529,500,DESCENT
329.2,86473.7,-576.251,2.10825,500,DESCENT
329.3,86416,-577.232,2.1112,500,DESCENT
329.4,86358.2,-578.213,2.11415,500,DESCENT
329.5,86300.3,-579.193,2.11709,500,DESCENT
329.6,86242.4,-580.174,2.12004,500,DESCENT
329.7,86184.3,-581.155,2.12298,500,DESCENT
329.8,86126.1,-582.135,2.12592,500,DESCENT
329.9,86067.9,-583.116,2.12885,500,DESCENT
330,86009.5,-584.097,2.13179,500,DESCENT
330.1,85951.1,-585.077,2.13472,500,DESCENT
330.2,85892.5,-586.058,2.13764,500,DESCENT
330.3,85833.9,-587.039,2.14057,500,DESCENT
330.4,85775.1,-588.019,2.14349,500,DESCENT
330.5,85716.2,-589,2.14641,500,DESCENT
330.6,85657.3,-589.981,2.14932,500,DESCENT
330.7,85598.3,-590.961,2.15224,500,DESCENT
330.8,85539.1,-591.942,2.15515,500,DESCENT
330.9,85479.9,-592.923,2.15806,500,DESCENT
331,85420.5,-593.903,2.16096,500,DESCENT
331.1,85361.1,-594.884,2.16387,500,DESCENT
331.2,85301.5,-595.865,2.16677,500,DESCENT
331.3,85241.9,-596.845,2.16967,500,DESCENT
331.4,85182.2,-597.826,2.17256,500,DESCENT
331.5,85122.3,-598.807,2.17545,500,DESCENT
331.6,85062.4,-599.787,2.17834,500,DESCENT
331.7,85002.4,-600.768,2.18123,500,DESCENT
331.8,84942.3,-601.749,2.18411,500,DESCENT
331.9,84882,-602.729,2.18699,500,DESCENT
332,84821.7,-603.71,2.18987,500,DESCENT
332.1,84761.3,-604.69,2.19275,500,DESCENT
332.2,84700.8,-605.671,2.19562,500,DESCENT
332.3,84640.2,-606.652,2.19849,500,DESCENT
332.4,84579.4,-607.632,2.20136,500,DESCENT
332.5,84518.6,-608.613,2.20423,500,DESCENT
332.6,84457.7,-609.594,2.20709,500,DESCENT
332.7,84396.7,-610.574,2.20995,500,DESCENT
332.8,84335.6,-611.555,2.21281,500,DESCENT
332.9,84274.4,-612.536,2.21566,500,DESCENT
333,84213.1,-613.516,2.21851,500,DESCENT
333.1,84151.7,-614.497,2.22136,500,DESCENT
333.2,84090.2,-615.478,2.22421,500,DESCENT
333.3,84028.6,-616.458,2.22705,500,DESCENT
333.4,83966.9,-617.439,2.22989,500,DESCENT
333.5,83905.1,-618.42,2.23273,500,DESCENT
333.6,83843.2,-619.4,2.23557,500,DESCENT
333.7,83781.2,-620.381,2.2384,500,DESCENT
333.8,83719.2,-621.362,2.24123,500,DESCENT
333.9,83657,-622.342,2.24406,500,DESCENT
334,83594.7,-623.323,2.24688,500,DESCENT
334.1,83532.3,-624.304,2.24971,500,DESCENT
334.2,83469.8,-625.284,2.25253,500,DESCENT
334.3,83407.2,-626.265,2.25534,500,DESCENT
334.4,83344.6,-627.246,2.25816,500,DESCENT
334.5,83281.8,-628.226,2.26097,500,DESCENT
334.6,83218.9,-629.207,2.26378,500,DESCENT
334.7,83156,-630.188,2.26658,500,DESCENT
334.8,83092.9,-631.168,2.26939,500,DESCENT
334.9,83029.7,-632.149,2.27219,500,DESCENT
335,82966.5,-633.13,2.27499,500,DESCENT
335.1,82903.1,-634.11,2.27778,500,DESCENT
335.2,82839.6,-635.091,2.28057,500,DESCENT
335.3,82776.1,-636.071,2.28336,500,DESCENT
335.4,82712.4,-637.052,2.28615,500,DESCENT
335.5,82648.7,-638.033,2.28893,500,DESCENT
335.6,82584.8,-639.013,2.29172,500,DESCENT
335.7,82520.9,-639.994,2.2945,500,DESCENT
335.8,82456.8,-640.975,2.29727,500,DESCENT
335.9,82392.7,-641.955,2.30005,500,DESCENT
336,82328.4,-642.936,2.30282,500,DESCENT
336.1,82264.1,-643.917,2.30558,500,DESCENT
336.2,82199.6,-644.897,2.30835,500,DESCENT
336.3,82135.1,-645.878,2.31111,500,DESCENT
336.4,82070.5,-646.859,2.31387,500,DESCENT
336.5,82005.7,-647.839,2.31663,500,DESCENT
336.6,81940.9,-648.82,2.31939,500,DESCENT
336.7,81876,-649.801,2.32214,500,DESCENT
336.8,81810.9,-650.781,2.32489,500,DESCENT
336.9,81745.8,-651.762,2.32763,500,DESCENT
337,81680.6,-652.743,2.33038,500,DESCENT
337.1,81615.3,-653.723,2.33312,500,DESCENT
337.2,81549.8,-654.704,2.33586,500,DESCENT
337.3,81484.3,-655.685,2.33859,500,DESCENT
337.4,81418.7,-656.665,2.34133,500,DESCENT
337.5,81353,-657.646,2.34406,500,DESCENT
337.6,81287.2,-658.626,2.34679,500,DESCENT
337.7,81221.3,-659.607,2.34951,500,DESCENT
337.8,81155.3,-660.588,2.35223,500,DESCENT
337.9,81089.1,-661.568,2.35495,500,DESCENT
338,81022.9,-662.549,2.35767,500,DESCENT
338.1,80956.6,-663.53,2.36038,500,DESCENT
338.2,80890.2,-664.51,2.3631,500,DESCENT
338.3,80823.7,-665.491,2.3658,500,DESCENT
338.4,80757.1,-666.472,2.36851,500,DESCENT
338.5,80690.4,-667.452,2.37121,500,DESCENT
338.6,80623.6,-668.433,2.37392,500,DESCENT
338.7,80556.8,-669.414,2.37661,500,DESCENT
338.8,80489.8,-670.394,2.37931,500,DESCENT
338.9,80422.7,-671.375,2.382,500,DESCENT
339,80355.5,-672.356,2.38469,500,DESCENT
339.1,80288.2,-673.336,2.38738,500,DESCENT
339.2,80220.8,-674.317,2.39006,500,DESCENT
339.3,80153.3,-675.297,2.39275,500,DESCENT
339.4,80085.8,-676.278,2.39543,500,DESCENT
339.5,80018.1,-677.259,2.3981,500,DESCENT
339.6,79950.3,-678.239,2.40078,500,DESCENT
339.7,79882.4,-679.22,2.40345,500,DESCENT
339.8,79814.5,-680.201,2.40612,500,DESCENT
339.9,79746.4,-681.181,2.40878,500,DESCENT
340,79678.2,-682.162,2.41145,500,DESCENT
340.1,79610,-683.143,2.41411,500,DESCENT
340.2,79541.6,-684.123,2.41676,500,DESCENT
340.3,79473.1,-685.104,2.41942,500,DESCENT
340.4,79404.6,-686.085,2.42207,500,DESCENT
340.5,79335.9,-687.065,2.42472,500,DESCENT
340.6,79267.2,-688.046,2.42737,500,DESCENT
340.7,79198.3,-689.027,2.43001,500,DESCENT
340.8,79129.4,-690.007,2.43266,500,DESCENT
340.9,79060.3,-690.988,2.4353,500,DESCENT
341,78991.2,-691.968,2.43793,500,DESCENT
341.1,78921.9,-692.949,2.44057,500,DESCENT
341.2,78852.6,-693.93,2.4432,500,DESCENT
341.3,78783.1,-694.91,2.44582,500,DESCENT
341.4,78713.6,-695.891,2.44845,500,DESCENT
341.5,78644,-696.872,2.45107,500,DESCENT
341.6,78574.2,-697.852,2.45369,500,DESCENT
341.7,78504.4,-698.833,2.45631,500,DESCENT
341.8,78434.4,-699.814,2.45893,500,DESCENT
341.9,78364.4,-700.794,2.46154,500,DESCENT
342,78294.3,-701.775,2.46415,500,DESCENT
342.1,78224.1,-702.755,2.46676,500,DESCENT
342.2,78153.7,-703.736,2.46936,500,DESCENT
342.3,78083.3,-704.717,2.47196,500,DESCENT
342.4,78012.8,-705.697,2.47456,500,DESCENT
342.5,77942.2,-706.678,2.47716,500,DESCENT
342.6,77871.5,-707.659,2.47975,500,DESCENT
342.7,77800.6,-708.639,2.48234,500,DESCENT
342.8,77729.7,-709.62,2.48493,500,DESCENT
342.9,77658.7,-710.601,2.48752,500,DESCENT
343,77587.6,-711.581,2.4901,500,DESCENT
343.1,77516.4,-712.562,2.49268,500,DESCENT
343.2,77445.1,-713.542,2.49526,500,DESCENT
343.3,77373.7,-714.523,2.49783,500,DESCENT
343.4,77302.2,-715.504,2.5004,500,DESCENT
343.5,77230.6,-716.484,2.50297,500,DESCENT
343.6,77158.9,-717.465,2.50554,500,DESCENT
343.7,77087.1,-718.446,2.50811,500,DESCENT
343.8,77015.2,-719.426,2.51067,500,DESCENT
343.9,76943.2,-720.407,2.51323,500,DESCENT
344,76871.1,-721.388,2.51578,500,DESCENT
344.1,76798.9,-722.368,2.51834,500,DESCENT
344.2,76726.7,-723.349,2.52089,500,DESCENT
344.3,76654.3,-724.329,2.52344,500,DESCENT
344.4,76581.8,-725.31,2.52598,500,DESCENT
344.5,76509.2,-726.291,2.52852,500,DESCENT
344.6,76436.5,-727.271,2.53107,500,DESCENT
344.7,76363.8,-728.252,2.5336,500,DESCENT
344.8,76290.9,-729.233,2.53614,500,DESCENT
344.9,76217.9,-730.213,2.53867,500,DESCENT
345,76144.8,-731.194,2.5412,500,DESCENT
345.1,76071.7,-732.174,2.54373,500,DESCENT
345.2,75998.4,-733.155,2.54625,500,DESCENT
345.3,75925,-734.136,2.54877,500,DESCENT
345.4,75851.6,-735.116,2.55129,500,DESCENT
345.5,75778,-736.097,2.55381,500,DESCENT
345.6,75704.4,-737.078,2.55632,500,DESCENT
345.7,75630.6,-738.058,2.55884,500,DESCENT
345.8,75556.7,-739.039,2.56134,500,DESCENT
345.9,75482.8,-740.019,2.56385,500,DESCENT
346,75408.7,-741,2.56635,500,DESCENT
346.1,75334.6,-741.981,2.56885,500,DESCENT
346.2,75260.3,-742.961,2.57135,500,DESCENT
346.3,75186,-743.942,2.57385,500,DESCENT
346.4,75111.6,-744.923,2.57634,500,DESCENT
346.5,75037,-745.903,2.57883,500,DESCENT
346.6,74962.4,-746.884,2.58132,500,DESCENT
346.7,74887.6,-747.864,2.5838,500,DESCENT
346.8,74812.8,-748.845,2.58629,500,DESCENT
346.9,74737.9,-749.826,2.58877,500,DESCENT
347,74662.8,-750.806,2.59124,500,DESCENT
347.1,74587.7,-751.787,2.59372,500,DESCENT
347.2,74512.5,-752.767,2.59619,500,DESCENT
347.3,74437.2,-753.748,2.59866,500,DESCENT
347.4,74361.7,-754.729,2.60112,500,DESCENT
347.5,74286.2,-755.709,2.60359,500,DESCENT
347.6,74210.6,-756.69,2.60605,500,DESCENT
347.7,74134.9,-757.67,2.60851,500,DESCENT
347.8,74059.1,-758.651,2.61096,500,DESCENT
347.9,73983.1,-759.632,2.61342,500,DESCENT
348,73907.1,-760.612,2.61587,500,DESCENT
348.1,73831,-761.593,2.61832,500,DESCENT
348.2,73754.8,-762.573,2.62076,500,DESCENT
348.3,73678.5,-763.554,2.62321,500,DESCENT
348.4,73602.1,-764.535,2.62565,500,DESCENT
348.5,73525.6,-765.515,2.62808,500,DESCENT
348.6,73449,-766.496,2.63052,500,DESCENT
348.7,73372.3,-767.477,2.63295,500,DESCENT
348.8,73295.5,-768.457,2.63538,500,DESCENT
348.9,73218.6,-769.438,2.63781,500,DESCENT
349,73141.6,-770.418,2.64023,500,DESCENT
349.1,73064.5,-771.399,2.64266,500,DESCENT
349.2,72987.3,-772.379,2.64507,500,DESCENT
349.3,72910,-773.36,2.64749,500,DESCENT
349.4,72832.7,-774.341,2.64991,500,DESCENT
349.5,72755.2,-775.321,2.65232,500,DESCENT
349.6,72677.6,-776.302,2.65473,500,DESCENT
349.7,72599.9,-777.282,2.65713,500,DESCENT
349.8,72522.1,-778.263,2.65954,500,DESCENT
349.9,72444.3,-779.244,2.66194,500,DESCENT
350,72366.3,-780.224,2.66434,500,DESCENT
350.1,72288.2,-781.205,2.66673,500,DESCENT
350.2,72210.1,-782.185,2.66913,500,DESCENT
350.3,72131.8,-783.166,2.67152,500,DESCENT
350.4,72053.4,-784.147,2.67391,500,DESCENT
350.5,71975,-785.127,2.67629,500,DESCENT
350.6,71896.4,-786.108,2.67867,500,DESCENT
350.7,71817.7,-787.088,2.68105,500,DESCENT
350.8,71739,-788.069,2.68343,500,DESCENT
350.9,71660.1,-789.049,2.68551,500,DESCENT
351,71581.2,-790.03,2.6875,500,DESCENT
351.1,71502.1,-791.011,2.68948,500,DESCENT
351.2,71423,-791.991,2.69146,500,DESCENT
351.3,71343.7,-792.972,2.69344,500,DESCENT
351.4,71264.4,-793.952,2.69541,500,DESCENT
351.5,71184.9,-794.933,2.69739,500,DESCENT
351.6,71105.4,-795.913,2.69936,500,DESCENT
351.7,71025.7,-796.894,2.70132,500,DESCENT
351.8,70946,-797.875,2.70328,500,DESCENT
351.9,70866.2,-798.855,2.70524,500,DESCENT
352,70786.2,-799.836,2.7072,500,DESCENT
352.1,70706.2,-800.816,2.70916,500,DESCENT
352.2,70626.1,-801.797,2.71111,500,DESCENT
352.3,70545.8,-802.777,2.71305,500,DESCENT
352.4,70465.5,-803.758,2.715,500,DESCENT
352.5,70385.1,-804.739,2.71694,500,DESCENT
352.6,70304.6,-805.719,2.71888,500,DESCENT
352.7,70223.9,-806.7,2.72082,500,DESCENT
352.8,70143.2,-807.68,2.72275,500,DESCENT
352.9,70062.4,-808.661,2.72468,500,DESCENT
353,69981.5,-809.641,2.72661,500,DESCENT
353.1,69900.5,-810.622,2.72853,500,DESCENT
353.2,69819.4,-811.602,2.73045,500,DESCENT
353.3,69738.2,-812.583,2.73237,500,DESCENT
353.4,69656.9,-813.564,2.73429,500,DESCENT
353.5,69575.4,-814.544,2.7362,500,DESCENT
353.6,69493.9,-815.525,2.73811,500,DESCENT
353.7,69412.3,-816.505,2.74001,500,DESCENT
353.8,69330.6,-817.486,2.74192,500,DESCENT
353.9,69248.8,-818.466,2.74382,500,DESCENT
354,69166.9,-819.447,2.74572,500,DESCENT
354.1,69085,-820.427,2.74761,500,DESCENT
354.2,69002.9,-821.408,2.7495,500,DESCENT
354.3,68920.7,-822.388,2.75139,500,DESCENT
354.4,68838.4,-823.369,2.75328,500,DESCENT
354.5,68756,-824.349,2.75516,500,DESCENT
354.6,68673.5,-825.33,2.75704,500,DESCENT
354.7,68590.9,-826.31,2.75892,500,DESCENT
354.8,68508.3,-827.291,2.76079,500,DESCENT
354.9,68425.5,-828.271,2.76267,500,DESCENT
355,68342.6,-829.252,2.76453,500,DESCENT
355.1,68259.6,-830.232,2.7664,500,DESCENT
355.2,68176.6,-831.213,2.76826,500,DESCENT
355.3,68093.4,-832.194,2.77012,500,DESCENT
355.4,68010.1,-833.174,2.77198,500,DESCENT
355.5,67926.7,-834.155,2.77383,500,DESCENT
355.6,67843.3,-835.135,2.77569,500,DESCENT
355.7,67759.7,-836.116,2.77753,500,DESCENT
355.8,67676.1,-837.096,2.77938,500,DESCENT
355.9,67592.3,-838.077,2.78122,500,DESCENT
356,67508.4,-839.057,2.78306,500,DESCENT
356.1,67424.5,-840.037,2.7849,500,DESCENT
356.2,67340.4,-841.018,2.78674,500,DESCENT
356.3,67256.3,-841.998,2.78857,500,DESCENT
356.4,67172,-842.979,2.7904,500,DESCENT
356.5,67087.7,-843.959,2.79222,500,DESCENT
356.6,67003.2,-844.94,2.79404,500,DESCENT
356.7,66918.7,-845.92,2.79586,500,DESCENT
356.8,66834.1,-846.901,2.79768,500,DESCENT
356.9,66749.3,-847.881,2.7995,500,DESCENT
357,66664.5,-848.862,2.80131,500,DESCENT
357.1,66579.6,-849.842,2.80312,500,DESCENT
357.2,66494.5,-850.823,2.80492,500,DESCENT
357.3,66409.4,-851.803,2.80673,500,DESCENT
357.4,66324.2,-852.784,2.80853,500,DESCENT
357.5,66238.8,-853.764,2.81032,500,DESCENT
357.6,66153.4,-854.745,2.81212,500,DESCENT
357.7,66067.9,-855.725,2.81391,500,DESCENT
357.8,65982.3,-856.705,2.8157,500,DESCENT
357.9,65896.5,-857.686,2.81749,500,DESCENT
358,65810.7,-858.666,2.81927,500,DESCENT
358.1,65724.8,-859.647,2.82105,500,DESCENT
358.2,65638.8,-860.627,2.82283,500,DESCENT
358.3,65552.7,-861.608,2.82461,500,DESCENT
358.4,65466.5,-862.588,2.82638,500,DESCENT
358.5,65380.2,-863.569,2.82815,500,DESCENT
358.6,65293.8,-864.549,2.82992,500,DESCENT
358.7,65207.3,-865.529,2.83168,500,DESCENT
358.8,65120.7,-866.51,2.83344,500,DESCENT
358.9,65034,-867.49,2.8352,500,DESCENT
359,64947.2,-868.471,2.83696,500,DESCENT
359.1,64860.3,-869.451,2.83871,500,DESCENT
359.2,64773.3,-870.431,2.84046,500,DESCENT
359.3,64686.2,-871.412,2.84221,500,DESCENT
359.4,64599,-872.392,2.84395,500,DESCENT
359.5,64511.7,-873.373,2.8457,500,DESCENT
359.6,64424.3,-874.353,2.84744,500,DESCENT
359.7,64336.8,-875.333,2.84917,500,DESCENT
359.8,64249.2,-876.314,2.85091,500,DESCENT
359.9,64161.6,-877.294,2.85264,500,DESCENT
360,64073.8,-878.275,2.85437,500,DESCENT
360.1,63985.9,-879.255,2.8561,500,DESCENT
360.2,63897.9,-880.235,2.85782,500,DESCENT
360.3,63809.9,-881.216,2.85954,500,DESCENT
360.4,63721.7,-882.196,2.86126,500,DESCENT
360.5,63633.4,-883.176,2.86297,500,DESCENT
360.6,63545.1,-884.157,2.86469,500,DESCENT
360.7,63456.6,-885.137,2.8664,500,DESCENT
360.8,63368,-886.117,2.8681,500,DESCENT
360.9,63279.4,-887.098,2.86981,500,DESCENT
361,63190.6,-888.078,2.87151,500,DESCENT
361.1,63101.7,-889.058,2.87321,500,DESCENT
361.2,63012.8,-890.039,2.87491,500,DESCENT
361.3,62923.7,-891.019,2.8766,500,DESCENT
361.4,62834.6,-891.999,2.87829,500,DESCENT
361.5,62745.3,-892.98,2.87998,500,DESCENT
361.6,62656,-893.96,2.88167,500,DESCENT
361.7,62566.5,-894.94,2.88335,500,DESCENT
361.8,62477,-895.921,2.88503,500,DESCENT
361.9,62387.4,-896.901,2.88671,500,DESCENT
362,62297.6,-897.881,2.88839,500,DESCENT
362.1,62207.8,-898.861,2.89006,500,DESCENT
362.2,62117.9,-899.842,2.89173,500,DESCENT
362.3,62027.8,-900.822,2.8934,500,DESCENT
362.4,61937.7,-901.802,2.89506,500,DESCENT
362.5,61847.5,-902.782,2.89672,500,DESCENT
362.6,61757.1,-903.763,2.89838,500,DESCENT
362.7,61666.7,-904.743,2.90004,500,DESCENT
362.8,61576.2,-905.723,2.9017,500,DESCENT
362.9,61485.6,-906.703,2.90335,500,DESCENT
363,61394.8,-907.684,2.905,500,DESCENT
363.1,61304,-908.664,2.90664,500,DESCENT
363.2,61213.1,-909.644,2.90829,500,DESCENT
363.3,61122.1,-910.624,2.90993,500,DESCENT
363.4,61031,-911.605,2.91157,500,DESCENT
363.5,60939.8,-912.585,2.91321,500,DESCENT
363.6,60848.5,-913.565,2.91484,500,DESCENT
363.7,60757.1,-914.545,2.91647,500,DESCENT
363.8,60665.6,-915.525,2.9181,500,DESCENT
363.9,60574,-916.505,2.91973,500,DESCENT
364,60482.3,-917.486,2.92135,500,DESCENT
364.1,60390.5,-918.466,2.92297,500,DESCENT
364.2,60298.6,-919.446,2.92459,500,DESCENT
364.3,60206.6,-920.426,2.92621,500,DESCENT
364.4,60114.5,-921.406,2.92782,500,DESCENT
364.5,60022.3,-922.386,2.92943,500,DESCENT
364.6,59930,-923.367,2.93104,500,DESCENT
364.7,59837.6,-924.347,2.93264,500,DESCENT
364.8,59745.1,-925.327,2.93425,500,DESCENT
364.9,59652.6,-926.307,2.93585,500,DESCENT
365,59559.9,-927.287,2.93745,500,DESCENT
365.1,59467.1,-928.267,2.93904,500,DESCENT
365.2,59374.2,-929.247,2.94063,500,DESCENT
365.3,59281.2,-930.227,2.94222,500,DESCENT
365.4,59188.2,-931.207,2.94381,500,DESCENT
365.5,59095,-932.187,2.9454,500,DESCENT
365.6,59001.7,-933.167,2.94698,500,DESCENT
365.7,58908.4,-934.147,2.94856,500,DESCENT
365.8,58814.9,-935.128,2.95014,500,DESCENT
365.9,58721.3,-936.108,2.95172,500,DESCENT
366,58627.7,-937.088,2.95329,500,DESCENT
366.1,58533.9,-938.068,2.95486,500,DESCENT
366.2,58440.1,-939.048,2.95643,500,DESCENT
366.3,58346.1,-940.028,2.95799,500,DESCENT
366.4,58252.1,-941.008,2.95956,500,DESCENT
366.5,58157.9,-941.988,2.96112,500,DESCENT
366.6,58063.7,-942.968,2.96267,500,DESCENT
366.7,57969.3,-943.947,2.96423,500,DESCENT
366.8,57874.9,-944.927,2.96578,500,DESCENT
366.9,57780.3,-945.907,2.96733,500,DESCENT
367,57685.7,-946.887,2.96888,500,DESCENT
367.1,57591,-947.867,2.97043,500,DESCENT
367.2,57496.1,-948.847,2.97197,500,DESCENT
367.3,57401.2,-949.827,2.97351,500,DESCENT
367.4,57306.2,-950.807,2.97505,500,DESCENT
367.5,57211,-951.787,2.97659,500,DESCENT
367.6,57115.8,-952.767,2.97812,500,DESCENT
367.7,57020.5,-953.747,2.97965,500,DESCENT
367.8,56925.1,-954.726,2.98118,500,DESCENT
367.9,56829.5,-955.706,2.98271,500,DESCENT
368,56733.9,-956.686,2.98423,500,DESCENT
368.1,56638.2,-957.666,2.98575,500,DESCENT
368.2,56542.4,-958.646,2.98727,500,DESCENT
368.3,56446.5,-959.625,2.98879,500,DESCENT
368.4,56350.5,-960.605,2.9903,500,DESCENT
368.5,56254.3,-961.585,2.99181,500,DESCENT
368.6,56158.1,-962.565,2.99332,500,DESCENT
368.7,56061.8,-963.544,2.99483,500,DESCENT
368.8,55965.4,-964.524,2.99633,500,DESCENT
368.9,55868.9,-965.504,2.99783,500,DESCENT
369,55772.3,-966.484,2.99933,500,DESCENT
369.1,55675.6,-967.463,3.00083,500,DESCENT
369.2,55578.8,-968.443,3.00233,500,DESCENT
369.3,55481.9,-969.423,3.00382,500,DESCENT
369.4,55384.9,-970.402,3.00531,500,DESCENT
369.5,55287.9,-971.382,3.0068,500,DESCENT
369.6,55190.7,-972.362,3.00828,500,DESCENT
369.7,55093.4,-973.341,3.00976,500,DESCENT
369.8,54996,-974.321,3.01125,500,DESCENT
369.9,54898.5,-975.3,3.01272,500,DESCENT
370,54800.9,-976.28,3.0142,500,DESCENT
370.1,54703.3,-977.26,3.01567,500,DESCENT
370.2,54605.5,-978.239,3.01714,500,DESCENT
370.3,54507.6,-979.219,3.01861,500,DESCENT
370.4,54409.6,-980.198,3.02008,500,DESCENT
370.5,54311.6,-981.178,3.02154,500,DESCENT
370.6,54213.4,-982.157,3.023,500,DESCENT
370.7,54115.1,-983.137,3.02446,500,DESCENT
370.8,54016.8,-984.116,3.02592,500,DESCENT
370.9,53918.3,-985.095,3.02737,500,DESCENT
371,53819.8,-986.075,3.02883,500,DESCENT
371.1,53721.1,-987.054,3.03028,500,DESCENT
371.2,53622.4,-988.034,3.03172,500,DESCENT
371.3,53523.5,-989.013,3.03317,500,DESCENT
371.4,53424.6,-989.992,3.03461,500,DESCENT
371.5,53325.5,-990.972,3.03605,500,DESCENT
371.6,53226.4,-991.951,3.03749,500,DESCENT
371.7,53127.1,-992.93,3.03893,500,DESCENT
371.8,53027.8,-993.91,3.04036,500,DESCENT
371.9,52928.3,-994.889,3.04179,500,DESCENT
372,52828.8,-995.868,3.04322,500,DESCENT
372.1,52729.2,-996.847,3.04465,500,DESCENT
372.2,52629.4,-997.826,3.04607,500,DESCENT
372.3,52529.6,-998.806,3.04749,500,DESCENT
372.4,52429.7,-999.785,3.04891,500,DESCENT
372.5,52329.6,-1000.76,3.05033,500,DESCENT
372.6,52229.5,-1001.74,3.05175,500,DESCENT
372.7,52129.3,-1002.72,3.05316,500,DESCENT
372.8,52029,-1003.7,3.05457,500,DESCENT
372.9,51928.5,-1004.68,3.05598,500,DESCENT
373,51828,-1005.66,3.05738,500,DESCENT
373.1,51727.4,-1006.64,3.05879,500,DESCENT
373.2,51626.7,-1007.62,3.06019,500,DESCENT
373.3,51525.9,-1008.6,3.06159,500,DESCENT
373.4,51425,-1009.58,3.06298,500,DESCENT
373.5,51324,-1010.55,3.06438,500,DESCENT
373.6,51222.9,-1011.53,3.06714,500,DESCENT
373.7,51121.7,-1012.51,3.07011,500,DESCENT
373.8,51020.4,-1013.49,3.07307,500,DESCENT
373.9,50919,-1014.47,3.07604,500,DESCENT
374,50817.5,-1015.45,3.07901,500,DESCENT
374.1,50715.9,-1016.43,3.08198,500,DESCENT
374.2,50614.2,-1017.41,3.08494,500,DESCENT
374.3,50512.4,-1018.38,3.08791,500,DESCENT
374.4,50410.5,-1019.36,3.09088,500,DESCENT
374.5,50308.5,-1020.34,3.09385,500,DESCENT
374.6,50206.4,-1021.32,3.09681,500,DESCENT
374.7,50104.3,-1022.3,3.09978,500,DESCENT
374.8,50002,-1023.28,3.10275,500,DESCENT
374.9,49899.6,-1024.26,3.10572,500,DESCENT
375,49797.1,-1025.23,3.10868,500,DESCENT
375.1,49694.6,-1026.21,3.11165,500,DESCENT
375.2,49591.9,-1027.19,3.11462,500,DESCENT
375.3,49489.1,-1028.17,3.11758,500,DESCENT
375.4,49386.3,-1029.15,3.12055,500,DESCENT
375.5,49283.3,-1030.13,3.12352,500,DESCENT
375.6,49180.2,-1031.1,3.12648,500,DESCENT
375.7,49077.1,-1032.08,3.12945,500,DESCENT
375.8,48973.8,-1033.06,3.13241,500,DESCENT
375.9,48870.5,-1034.04,3.13538,500,DESCENT
376,48767,-1035.02,3.13835,500,DESCENT
376.1,48663.5,-1036,3.14131,500,DESCENT
376.2,48559.8,-1036.97,3.14428,500,DESCENT
376.3,48456.1,-1037.95,3.14724,500,DESCENT
376.4,48352.2,-1038.93,3.15021,500,DESCENT
376.5,48248.3,-1039.91,3.15317,500,DESCENT
376.6,48144.2,-1040.89,3.15614,500,DESCENT
376.7,48040.1,-1041.86,3.15911,500,DESCENT
376.8,47935.9,-1042.84,3.16207,500,DESCENT
376.9,47831.5,-1043.82,3.16503,500,DESCENT
377,47727.1,-1044.8,3.168,500,DESCENT
377.1,47622.6,-1045.77,3.17096,500,DESCENT
377.2,47517.9,-1046.75,3.17393,500,DESCENT
377.3,47413.2,-1047.73,3.17689,500,DESCENT
377.4,47308.4,-1048.71,3.17986,500,DESCENT
377.5,47203.5,-1049.69,3.18349,500,DESCENT
377.6,47098.5,-1050.66,3.18816,500,DESCENT
377.7,46993.3,-1051.64,3.19283,500,DESCENT
377.8,46888.1,-1052.62,3.19752,500,DESCENT
377.9,46782.8,-1053.59,3.20221,500,DESCENT
378,46677.4,-1054.57,3.20691,500,DESCENT
378.1,46571.9,-1055.55,3.21162,500,DESCENT
378.2,46466.3,-1056.53,3.21634,500,DESCENT
378.3,46360.6,-1057.5,3.22106,500,DESCENT
378.4,46254.8,-1058.48,3.22579,500,DESCENT
378.5,46148.9,-1059.46,3.23053,500,DESCENT
378.6,46042.9,-1060.43,3.23527,500,DESCENT
378.7,45936.8,-1061.41,3.24003,500,DESCENT
378.8,45830.6,-1062.39,3.24479,500,DESCENT
378.9,45724.3,-1063.36,3.24956,500,DESCENT
379,45618,-1064.34,3.25433,500,DESCENT
379.1,45511.5,-1065.32,3.25912,500,DESCENT
379.2,45404.9,-1066.29,3.26391,500,DESCENT
379.3,45298.2,-1067.27,3.26871,500,DESCENT
379.4,45191.4,-1068.25,3.27352,500,DESCENT
379.5,45084.6,-1069.22,3.27833,500,DESCENT
379.6,44977.6,-1070.2,3.28316,500,DESCENT
379.7,44870.5,-1071.18,3.28799,500,DESCENT
379.8,44763.4,-1072.15,3.29283,500,DESCENT
379.9,44656.1,-1073.13,3.29768,500,DESCENT
380,44548.7,-1074.1,3.30253,500,DESCENT
380.1,44441.3,-1075.08,3.3074,500,DESCENT
380.2,44333.7,-1076.06,3.31227,500,DESCENT
380.3,44226.1,-1077.03,3.31715,500,DESCENT
380.4,44118.3,-1078.01,3.32204,500,DESCENT
380.5,44010.5,-1078.98,3.32693,500,DESCENT
380.6,43902.5,-1079.96,3.33184,500,DESCENT
380.7,43794.5,-1080.93,3.33675,500,DESCENT
380.8,43686.3,-1081.91,3.34167,500,DESCENT
380.9,43578.1,-1082.88,3.3466,500,DESCENT
381,43469.8,-1083.86,3.35153,500,DESCENT
381.1,43361.3,-1084.84,3.35648,500,DESCENT
381.2,43252.8,-1085.81,3.36143,500,DESCENT
381.3,43144.2,-1086.78,3.3664,500,DESCENT
381.4,43035.4,-1087.76,3.37137,500,DESCENT
381.5,42926.6,-1088.73,3.37634,500,DESCENT
381.6,42817.7,-1089.71,3.38133,500,DESCENT
381.7,42708.7,-1090.68,3.38633,500,DESCENT
381.8,42599.5,-1091.66,3.39133,500,DESCENT
381.9,42490.3,-1092.63,3.39634,500,DESCENT
382,42381,-1093.61,3.40137,500,DESCENT
382.1,42271.6,-1094.58,3.4064,500,DESCENT
382.2,42162.1,-1095.55,3.41143,500,DESCENT
382.3,42052.5,-1096.53,3.41648,500,DESCENT
382.4,41942.8,-1097.5,3.42154,500,DESCENT
382.5,41833,-1098.47,3.4266,500,DESCENT
382.6,41723.1,-1099.45,3.43167,500,DESCENT
382.7,41613.1,-1100.42,3.43676,500,DESCENT
382.8,41503,-1101.39,3.44185,500,DESCENT
382.9,41392.8,-1102.37,3.44695,500,DESCENT
383,41282.5,-1103.34,3.45205,500,DESCENT
383.1,41172.2,-1104.31,3.45717,500,DESCENT
383.2,41061.7,-1105.29,3.4623,500,DESCENT
383.3,40951.1,-1106.26,3.46743,500,DESCENT
383.4,40840.4,-1107.23,3.47258,500,DESCENT
383.5,40729.7,-1108.2,3.47773,500,DESCENT
383.6,40618.8,-1109.18,3.48289,500,DESCENT
383.7,40507.8,-1110.15,3.48806,500,DESCENT
383.8,40396.8,-1111.12,3.49324,500,DESCENT
383.9,40285.6,-1112.09,3.49843,500,DESCENT
384,40174.3,-1113.06,3.50363,500,DESCENT
384.1,40063,-1114.03,3.50883,500,DESCENT
384.2,39951.5,-1115,3.51405,500,DESCENT
384.3,39840,-1115.98,3.51927,500,DESCENT
384.4,39728.3,-1116.95,3.52451,500,DESCENT
384.5,39616.6,-1117.92,3.52975,500,DESCENT
384.6,39504.8,-1118.89,3.53501,500,DESCENT
384.7,39392.8,-1119.86,3.54027,500,DESCENT
384.8,39280.8,-1120.83,3.54554,500,DESCENT
384.9,39168.7,-1121.8,3.55082,500,DESCENT
385,39056.4,-1122.77,3.55611,500,DESCENT
385.1,38944.1,-1123.74,3.56141,500,DESCENT
385.2,38831.7,-1124.7,3.56672,500,DESCENT
385.3,38719.2,-1125.67,3.57204,500,DESCENT
385.4,38606.5,-1126.64,3.57736,500,DESCENT
385.5,38493.8,-1127.61,3.5827,500,DESCENT
385.6,38381,-1128.58,3.58805,500,DESCENT
385.7,38268.1,-1129.55,3.5934,500,DESCENT
385.8,38155.1,-1130.52,3.59877,500,DESCENT
385.9,38042,-1131.48,3.60415,500,DESCENT
386,37928.8,-1132.45,3.60953,500,DESCENT
386.1,37815.5,-1133.42,3.61493,500,DESCENT
386.2,37702.1,-1134.38,3.62033,500,DESCENT
386.3,37588.6,-1135.35,3.62574,500,DESCENT
386.4,37475.1,-1136.32,3.63117,500,DESCENT
386.5,37361.4,-1137.28,3.6366,500,DESCENT
386.6,37247.6,-1138.25,3.64204,500,DESCENT
386.7,37133.7,-1139.22,3.6475,500,DESCENT
386.8,37019.8,-1140.18,3.65296,500,DESCENT
386.9,36905.7,-1141.15,3.65843,500,DESCENT
387,36791.5,-1142.11,3.66392,500,DESCENT
387.1,36677.3,-1143.07,3.66941,500,DESCENT
387.2,36562.9,-1144.04,3.67491,500,DESCENT
387.3,36448.5,-1145,3.68042,500,DESCENT
387.4,36333.9,-1145.97,3.68594,500,DESCENT
387.5,36219.3,-1146.93,3.69148,500,DESCENT
387.6,36104.5,-1147.89,3.69702,500,DESCENT
387.7,35989.7,-1148.85,3.70257,500,DESCENT
387.8,35874.8,-1149.82,3.70813,500,DESCENT
387.9,35759.7,-1150.78,3.71371,500,DESCENT
388,35644.6,-1151.74,3.71929,500,DESCENT
388.1,35529.4,-1152.7,3.72488,500,DESCENT
388.2,35414.1,-1153.66,3.73048,500,DESCENT
388.3,35298.6,-1154.62,3.7361,500,DESCENT
388.4,35183.1,-1155.58,3.74172,500,DESCENT
388.5,35067.5,-1156.54,3.74735,500,DESCENT
388.6,34951.8,-1157.5,3.75299,500,DESCENT
388.7,34836,-1158.46,3.75865,500,DESCENT
388.8,34720.1,-1159.42,3.76431,500,DESCENT
388.9,34604.1,-1160.38,3.76998,500,DESCENT
389,34488.1,-1161.33,3.77567,500,DESCENT
389.1,34371.9,-1162.29,3.78136,500,DESCENT
389.2,34255.6,-1163.25,3.78707,500,DESCENT
389.3,34139.2,-1164.2,3.79278,500,DESCENT
389.4,34022.8,-1165.16,3.79851,500,DESCENT
389.5,33906.2,-1166.11,3.80424,500,DESCENT
389.6,33789.5,-1167.07,3.80999,500,DESCENT
389.7,33672.8,-1168.02,3.81574,500,DESCENT
389.8,33555.9,-1168.97,3.82151,500,DESCENT
389.9,33439,-1169.93,3.82729,500,DESCENT
390,33322,-1170.88,3.83308,500,DESCENT
390.1,33204.8,-1171.83,3.83887,500,DESCENT
390.2,33087.6,-1172.78,3.84468,500,DESCENT
390.3,32970.3,-1173.73,3.8505,500,DESCENT
390.4,32852.8,-1174.68,3.85633,500,DESCENT
390.5,32735.3,-1175.63,3.86217,500,DESCENT
390.6,32617.7,-1176.58,3.86802,500,DESCENT
390.7,32500,-1177.53,3.87388,500,DESCENT
390.8,32382.2,-1178.48,3.87975,500,DESCENT
390.9,32264.3,-1179.42,3.88563,500,DESCENT
391,32146.3,-1180.37,3.89152,500,DESCENT
391.1,32028.2,-1181.31,3.89719,500,DESCENT
391.2,31910.1,-1182.26,3.9013,500,DESCENT
391.3,31791.8,-1183.2,3.90542,500,DESCENT
391.4,31673.4,-1184.15,3.90953,500,DESCENT
391.5,31555,-1185.09,3.91365,500,DESCENT
391.6,31436.4,-1186.03,3.91777,500,DESCENT
391.7,31317.8,-1186.97,3.92189,500,DESCENT
391.8,31199,-1187.91,3.926,500,DESCENT
391.9,31080.2,-1188.85,3.93012,500,DESCENT
392,30961.2,-1189.79,3.93424,500,DESCENT
392.1,30842.2,-1190.73,3.93836,500,DESCENT
392.2,30723.1,-1191.66,3.94248,500,DESCENT
392.3,30603.9,-1192.6,3.9466,500,DESCENT
392.4,30484.6,-1193.54,3.95073,500,DESCENT
392.5,30365.2,-1194.47,3.95485,500,DESCENT
392.6,30245.7,-1195.4,3.95897,500,DESCENT
392.7,30126.1,-1196.34,3.96309,500,DESCENT
392.8,30006.4,-1197.27,3.96721,500,DESCENT
392.9,29886.6,-1198.2,3.97133,500,DESCENT
393,29766.8,-1199.13,3.97546,500,DESCENT
393.1,29646.8,-1200.06,3.97958,500,DESCENT
393.2,29526.8,-1200.98,3.9837,500,DESCENT
393.3,29406.6,-1201.91,3.98782,500,DESCENT
393.4,29286.4,-1202.83,3.99194,500,DESCENT
393.5,29166,-1203.76,3.99606,500,DESCENT
393.6,29045.6,-1204.68,4.00018,500,DESCENT
393.7,28925.1,-1205.6,4.0043,500,DESCENT
393.8,28804.5,-1206.52,4.00842,500,DESCENT
393.9,28683.8,-1207.44,4.01254,500,DESCENT
394,28563,-1208.36,4.01666,500,DESCENT
394.1,28442.1,-1209.28,4.02078,500,DESCENT
394.2,28321.2,-1210.19,4.02489,500,DESCENT
394.3,28200.1,-1211.11,4.02901,500,DESCENT
394.4,28078.9,-1212.02,4.03312,500,DESCENT
394.5,27957.7,-1212.93,4.03723,500,DESCENT
394.6,27836.4,-1213.84,4.04134,500,DESCENT
394.7,27714.9,-1214.75,4.04545,500,DESCENT
394.8,27593.4,-1215.66,4.04956,500,DESCENT
394.9,27471.8,-1216.57,4.05367,500,DESCENT
395,27350.1,-1217.47,4.05777,500,DESCENT
395.1,27228.3,-1218.37,4.06187,500,DESCENT
395.2,27106.4,-1219.27,4.06598,500,DESCENT
395.3,26984.4,-1220.17,4.07007,500,DESCENT
395.4,26862.4,-1221.07,4.07417,500,DESCENT
395.5,26740.2,-1221.97,4.07827,500,DESCENT
395.6,26618,-1222.86,4.08236,500,DESCENT
395.7,26495.7,-1223.75,4.08645,500,DESCENT
395.8,26373.2,-1224.64,4.09053,500,DESCENT
395.9,26250.7,-1225.53,4.09462,500,DESCENT
396,26128.1,-1226.42,4.0987,500,DESCENT
396.1,26005.4,-1227.31,4.10278,500,DESCENT
396.2,25882.7,-1228.19,4.10685,500,DESCENT
396.3,25759.8,-1229.07,4.11092,500,DESCENT
396.4,25636.9,-1229.95,4.11499,500,DESCENT
396.5,25513.8,-1230.83,4.11906,500,DESCENT
396.6,25390.7,-1231.7,4.12312,500,DESCENT
396.7,25267.5,-1232.57,4.12717,500,DESCENT
396.8,25144.2,-1233.44,4.13122,500,DESCENT
396.9,25020.8,-1234.31,4.13527,500,DESCENT
397,24897.3,-1235.18,4.13932,500,DESCENT
397.1,24773.8,-1236.04,4.14335,500,DESCENT
397.2,24650.1,-1236.9,4.14739,500,DESCENT
397.3,24526.4,-1237.76,4.15142,500,DESCENT
397.4,24402.6,-1238.62,4.15544,500,DESCENT
397.5,24278.6,-1239.47,4.15946,500,DESCENT
397.6,24154.7,-1240.32,4.16347,500,DESCENT
397.7,24030.6,-1241.17,4.16748,500,DESCENT
397.8,23906.4,-1242.01,4.17148,500,DESCENT
397.9,23782.2,-1242.86,4.17548,500,DESCENT
398,23657.9,-1243.7,4.17947,500,DESCENT
398.1,23533.4,-1244.53,4.18345,500,DESCENT
398.2,23408.9,-1245.37,4.18742,500,DESCENT
398.3,23284.4,-1246.2,4.19139,500,DESCENT
398.4,23159.7,-1247.02,4.19535,500,DESCENT
398.5,23035,-1247.85,4.19931,500,DESCENT
398.6,22910.1,-1248.67,4.20325,500,DESCENT
398.7,22785.2,-1249.48,4.20719,500,DESCENT
398.8,22660.2,-1250.3,4.21112,500,DESCENT
398.9,22535.2,-1251.11,4.21504,500,DESCENT
399,22410,-1251.91,4.21895,500,DESCENT
399.1,22284.8,-1252.72,4.22286,500,DESCENT
399.2,22159.5,-1253.52,4.22675,500,DESCENT
399.3,22034.1,-1254.31,4.23063,500,DESCENT
399.4,21908.6,-1255.1,4.23451,500,DESCENT
399.5,21783.1,-1255.89,4.23837,500,DESCENT
399.6,21657.4,-1256.67,4.24222,500,DESCENT
399.7,21531.7,-1257.45,4.24607,500,DESCENT
399.8,21405.9,-1258.22,4.2499,500,DESCENT
399.9,21280.1,-1258.99,4.25372,500,DESCENT
400,21154.2,-1259.76,4.25752,500,DESCENT
400.1,21028.1,-1260.52,4.26132,500,DESCENT
400.2,20902,-1261.28,4.2651,500,DESCENT
400.3,20775.9,-1262.03,4.26887,500,DESCENT
400.4,20649.6,-1262.77,4.27263,500,DESCENT
400.5,20523.3,-1263.52,4.27637,500,DESCENT
400.6,20396.9,-1264.25,4.2801,500,DESCENT
400.7,20270.5,-1264.98,4.28381,500,DESCENT
400.8,20143.9,-1265.71,4.28751,500,DESCENT
400.9,20017.3,-1266.43,4.29119,500,DESCENT
401,19890.7,-1267.14,4.29441,500,DESCENT
401.1,19763.9,-1267.85,4.29681,500,DESCENT
401.2,19637.1,-1268.56,4.2992,500,DESCENT
401.3,19510.2,-1269.25,4.30156,500,DESCENT
401.4,19383.2,-1269.94,4.3039,500,DESCENT
401.5,19256.2,-1270.63,4.30623,500,DESCENT
401.6,19129.1,-1271.31,4.30853,500,DESCENT
401.7,19001.9,-1271.98,4.31081,500,DESCENT
401.8,18874.7,-1272.65,4.31306,500,DESCENT
401.9,18747.4,-1273.31,4.3153,500,DESCENT
402,18620.1,-1273.96,4.31751,500,DESCENT
402.1,18492.6,-1274.61,4.3197,500,DESCENT
402.2,18365.1,-1275.24,4.32186,500,DESCENT
402.3,18237.6,-1275.88,4.32401,500,DESCENT
402.4,18110,-1276.5,4.32612,500,DESCENT
402.5,17982.3,-1277.12,4.32821,500,DESCENT
402.6,17854.5,-1277.73,4.33027,500,DESCENT
402.7,17726.7,-1278.33,4.33231,500,DESCENT
402.8,17598.9,-1278.92,4.33432,500,DESCENT
402.9,17470.9,-1279.5,4.3363,500,DESCENT
403,17343,-1280.08,4.33826,500,DESCENT
403.1,17214.9,-1280.65,4.34018,500,DESCENT
403.2,17086.8,-1281.21,4.34208,500,DESCENT
403.3,16958.7,-1281.76,4.34395,500,DESCENT
403.4,16830.5,-1282.3,4.34578,500,DESCENT
403.5,16702.2,-1282.83,4.34759,500,DESCENT
403.6,16573.9,-1283.36,4.34936,500,DESCENT
403.7,16445.6,-1283.87,4.3511,500,DESCENT
403.8,16317.1,-1284.37,4.3528,500,DESCENT
403.9,16188.7,-1284.87,4.35447,500,DESCENT
404,16060.2,-1285.35,4.35611,500,DESCENT
404.1,15931.6,-1285.82,4.35771,500,DESCENT
404.2,15803,-1286.28,4.35928,500,DESCENT
404.3,15674.4,-1286.73,4.36081,500,DESCENT
404.4,15545.7,-1287.17,4.3623,500,DESCENT
404.5,15416.9,-1287.6,4.36375,500,DESCENT
404.6,15288.1,-1288.02,4.36516,500,DESCENT
404.7,15159.3,-1288.42,4.36653,500,DESCENT
404.8,15030.5,-1288.82,4.36787,500,DESCENT
404.9,14901.6,-1289.2,4.36916,500,DESCENT
405,14772.6,-1289.57,4.3704,500,DESCENT
405.1,14643.6,-1289.92,4.37161,500,DESCENT
405.2,14514.6,-1290.26,4.37277,500,DESCENT
405.3,14385.6,-1290.59,4.37388,500,DESCENT
405.4,14256.5,-1290.91,4.37495,500,DESCENT
405.5,14127.4,-1291.21,4.37597,500,DESCENT
405.6,13998.3,-1291.5,4.37694,500,DESCENT
405.7,13869.1,-1291.77,4.37787,500,DESCENT
405.8,13739.9,-1292.03,4.37874,500,DESCENT
405.9,13610.7,-1292.27,4.37956,500,DESCENT
406,13481.5,-1292.5,4.38033,500,DESCENT
406.1,13352.2,-1292.71,4.38105,500,DESCENT
406.2,13222.9,-1292.9,4.38171,500,DESCENT
406.3,13093.6,-1293.08,4.38232,500,DESCENT
406.4,12964.3,-1293.25,4.38287,500,DESCENT
406.5,12835,-1293.39,4.38337,500,DESCENT
406.6,12705.6,-1293.52,4.3838,500,DESCENT
406.7,12576.3,-1293.63,4.38418,500,DESCENT
406.8,12446.9,-1293.72,4.3845,500,DESCENT
406.9,12317.5,-1293.8,4.38475,500,DESCENT
407,12188.2,-1293.85,4.38494,500,DESCENT
407.1,12058.8,-1293.89,4.38506,500,DESCENT
407.2,11929.4,-1293.91,4.38512,500,DESCENT
407.3,11800,-1293.91,4.38511,500,DESCENT
407.4,11670.6,-1293.88,4.38504,500,DESCENT
407.5,11541.2,-1293.84,4.38489,500,DESCENT
407.6,11411.8,-1293.78,4.38467,500,DESCENT
407.7,11282.5,-1293.69,4.38439,500,DESCENT
407.8,11153.1,-1293.58,4.38402,500,DESCENT
407.9,11023.7,-1293.46,4.38358,500,DESCENT
408,10894.4,-1293.3,4.38307,500,DESCENT
408.1,10765.1,-1293.13,4.37435,500,DESCENT
408.2,10635.8,-1292.94,4.3653,500,DESCENT
408.3,10506.5,-1292.73,4.35625,500,DESCENT
408.4,10377.2,-1292.5,4.34717,500,DESCENT
408.5,10248,-1292.25,4.33808,500,DESCENT
408.6,10118.8,-1291.98,4.32898,500,DESCENT
408.7,9989.6,-1291.7,4.31986,500,DESCENT
408.8,9860.44,-1291.39,4.31072,500,DESCENT
408.9,9731.32,-1291.05,4.30156,500,DESCENT
409,9602.23,-1290.7,4.29239,500,DESCENT
409.1,9473.18,-1290.33,4.28319,500,DESCENT
409.2,9344.17,-1289.94,4.27398,500,DESCENT
409.3,9215.2,-1289.52,4.26474,500,DESCENT
409.4,9086.27,-1289.08,4.25549,500,DESCENT
409.5,8957.38,-1288.62,4.24621,500,DESCENT
409.6,8828.54,-1288.14,4.23691,500,DESCENT
409.7,8699.75,-1287.64,4.22758,500,DESCENT
409.8,8571.02,-1287.11,4.21823,500,DESCENT
409.9,8442.33,-1286.56,4.20886,500,DESCENT
410,8313.71,-1285.99,4.19946,500,DESCENT
410.1,8185.14,-1285.4,4.19004,500,DESCENT
410.2,8056.63,-1284.78,4.18059,500,DESCENT
410.3,7928.18,-1284.14,4.17111,500,DESCENT
410.4,7799.8,-1283.47,4.16161,500,DESCENT
410.5,7671.49,-1282.78,4.15208,500,DESCENT
410.6,7543.25,-1282.07,4.14252,500,DESCENT
410.7,7415.08,-1281.33,4.13294,500,DESCENT
410.8,7286.98,-1280.57,4.12332,500,DESCENT
410.9,7158.96,-1279.78,4.11368,500,DESCENT
411,7031.03,-1278.97,4.104,500,DESCENT
411.1,6903.17,-1278.13,4.09429,500,DESCENT
411.2,6775.4,-1277.27,4.08456,500,DESCENT
411.3,6647.72,-1276.39,4.07479,500,DESCENT
411.4,6520.12,-1275.47,4.06499,500,DESCENT
411.5,6392.62,-1274.54,4.05516,500,DESCENT
411.6,6265.22,-1273.57,4.04529,500,DESCENT
411.7,6137.91,-1272.58,4.03539,500,DESCENT
411.8,6010.7,-1271.57,4.02546,500,DESCENT
411.9,5883.6,-1270.53,4.0155,500,DESCENT
412,5756.6,-1269.46,4.0055,500,DESCENT
412.1,5629.71,-1268.37,3.99547,500,DESCENT
412.2,5502.93,-1267.25,3.9854,500,DESCENT
412.3,5376.26,-1266.1,3.9753,500,DESCENT
412.4,5249.71,-1264.92,3.96516,500,DESCENT
412.5,5123.28,-1263.72,3.95499,500,DESCENT
412.6,4996.97,-1262.49,3.94478,500,DESCENT
412.7,4870.78,-1261.24,3.93453,500,DESCENT
412.8,4744.72,-1259.96,3.92425,500,DESCENT
412.9,4618.79,-1258.65,3.91393,500,DESCENT
413,4492.99,-1257.31,3.90358,500,DESCENT
413.1,4367.33,-1255.94,3.89319,500,DESCENT
413.2,4241.8,-1254.55,3.88276,500,DESCENT
413.3,4116.42,-1253.13,3.8723,500,DESCENT
413.4,3991.18,-1251.68,3.86179,500,DESCENT
413.5,3866.09,-1250.2,3.85125,500,DESCENT
413.6,3741.14,-1248.7,3.84068,500,DESCENT
413.7,3616.35,-1247.17,3.83006,500,DESCENT
413.8,3491.71,-1245.61,3.81941,500,DESCENT
413.9,3367.23,-1244.02,3.80872,500,DESCENT
414,3242.91,-1242.4,3.79799,500,DESCENT
414.1,3118.75,-1240.75,3.78722,500,DESCENT
414.2,2994.76,-1239.08,3.77642,500,DESCENT
414.3,2870.94,-1237.38,3.76558,500,DESCENT
414.4,2747.28,-1235.65,3.7547,500,DESCENT
414.5,2623.81,-1233.89,3.74378,500,DESCENT
414.6,2500.51,-1232.1,3.73283,500,DESCENT
414.7,2377.39,-1230.29,3.72184,500,DESCENT
414.8,2254.45,-1228.44,3.71081,500,DESCENT
414.9,2131.7,-1226.57,3.69974,500,DESCENT
415,2009.14,-1224.67,3.68863,500,DESCENT
415.1,1886.77,-1222.74,3.67749,500,DESCENT
415.2,1764.59,-1220.79,3.66631,500,DESCENT
415.3,1642.61,-1218.8,3.6551,500,DESCENT
415.4,1520.83,-1216.79,3.64384,500,DESCENT
415.5,1399.26,-1214.75,3.63255,500,DESCENT
415.6,1277.88,-1212.68,3.62123,500,DESCENT
415.7,1156.72,-1210.58,3.60987,500,DESCENT
415.8,1035.77,-1208.45,3.59847,500,DESCENT
415.9,915.032,-1206.3,3.58704,500,DESCENT
416,794.512,-1204.12,3.57557,500,DESCENT
416.1,674.21,-1201.91,3.56407,500,DESCENT
416.2,554.132,-1199.67,3.55253,500,DESCENT
416.3,434.278,-1197.41,3.54096,500,DESCENT
416.4,314.652,-1195.11,3.52935,500,DESCENT
416.5,195.256,-1192.8,3.51771,500,DESCENT
416.6,76.0941,-1190.45,3.50604,500,DESCENT
416.7,0,0,0,500,LANDED
